Name 1,Name 2
孙文,孫中山
莊子,庄子
伊姆荷太普,印何闐
神农氏,神农
陈水扁,陳水扁
拿破仑,拿破仑一世
光绪皇帝,光绪帝
劉少奇,刘少奇
荆柯,荆轲
墨翟,墨子
李耳,老子
孔丘,孔子
虞舜,舜
耶稣诞生,耶稣
重耳,晋文公
夏禹,禹
康熙皇帝,康熙帝
岳飛,岳飞
坂垣征四郎,板垣征四郎
吴廷琰,吳廷琰
甘地,圣雄甘地
亚圣,孟子
卢武铉,盧武鉉
璞鼎查,砵甸乍
索额图,索額圖
扁鵲,扁鹊
宣统帝,溥仪
拿破崙,拿破仑一世
豐臣秀吉,丰臣秀吉
豊臣秀吉,丰臣秀吉
鸟山明,鳥山明
卧龙先生,诸葛亮
村上春树,村上春樹
有熊氏,黄帝
帝舜,舜
史達林,斯大林
全真七子,北七真
吕尚,太公望
乾隆皇帝,乾隆帝
武則天,武则天
赵胜,平原君
耶穌基督,耶稣
唐尧,尧
毛澤東,毛泽东
馬殷,马殷
秦邦憲,博古
張作霖,张作霖
蒋经国,蔣經國
王國維,王国维
卢泰愚,盧泰愚
全斗焕,全斗煥
马英九,馬英九
朱厚熜,明世宗
甲骨学四堂,甲骨四堂
鄧小平,邓小平
齐天大圣,孙悟空
燧人,燧人氏
手冢治虫,手塚治虫
吕秀莲,呂秀蓮
倉頡,仓颉
張學良,张学良
裕仁,昭和天皇
耶稣基督,耶稣
漢高祖,刘邦
金太祖,完颜阿骨打
五虎上将,五虎将
耶穌,耶稣
溫家寶,温家宝
周恩來,周恩来
胡亥,秦二世
汉高祖,刘邦
成龙,成龍
江澤民,江泽民
港督,香港總督
李世民,唐太宗
宋慶齡,宋庆龄
華佗,华佗
董赵洪娉,董趙洪娉
拿破侖,拿破仑一世
长春真人,丘处机
孫武,孙武
蘇格拉底,苏格拉底
耶蘇,耶稣
伏羲氏,伏羲
女人,女性
郑成功,鄭成功
尉迟敬德,尉迟恭
川岛芳子,川島芳子
唐僧,唐三藏
李柱铭,李柱銘
鈴木善幸,铃木善幸
小泉純一郎,小泉纯一郎
宋美龄,宋美齡
胡錦濤,胡锦涛
帝尧,尧
介之推,介子推
漢高帝,刘邦
李鸿章,李鴻章
梁啟超,梁启超
清世祖,顺治帝
趙紫陽,赵紫阳
诗圣,杜甫
诗佛,王维
仲由,子路
圣德太子,聖德太子
中臣鎌足,藤原鎌足
溥儀,溥仪
小淵惠三,小渊惠三
田中角榮,田中角荣
李柱鉻,李柱銘
蘇軾,苏轼
卜商,子夏
堯,尧
司徒华,司徒華
孫文,孫中山
穆圣,穆罕默德
尼祿,尼禄
吉備真備,吉备真备
梭伦改革,梭伦
華國鋒,华国锋
诸葛孔明,诸葛亮
太阴娘娘,嫦娥
太阴星君,嫦娥
祖天师,张道陵
元顺帝,元順帝
樂羊,乐羊
吳作棟,吴作栋
李顯龍,李显龙
閻錫山,阎锡山
陳港生,成龍
神農,神农
拿破倫,拿破仑一世
光緒皇帝,光绪帝
張道陵,张道陵
四人幫,四人帮
北條司,北条司
黃帝,黄帝
贾宝玉,賈寶玉
薛宝钗,薛寶釵
袭人,襲人
圣女贞德,聖女貞德
聖雄甘地,圣雄甘地
蘇東坡,苏轼
孫思邈,孙思邈
吳起,吴起
莊周,庄子
黃興,黄兴
孔庆翔,孔慶翔
何秀兰,何秀蘭
大海人皇子,天武天皇
子嬰,子婴
三島由紀夫,三岛由纪夫
陳云,陈云
戰俘,战俘
晏嬰,晏婴
昂山素季,翁山蘇姬
田中芳树,田中芳樹
昂山素姬,翁山蘇姬
昂山蘇姬,翁山蘇姬
邱处机,丘处机
苏东坡,苏轼
孫堅,孙坚
孫權,孙权
孫策,孙策
關羽,关羽
趙雲,赵云
張飛,张飞
姜維,姜维
司馬懿,司马懿
邱逢甲,丘逢甲
夏侯淵,夏侯渊
张陵,张道陵
裴勇浚,裴勇俊
孫悟空,孙悟空
郑和,鄭和
劉備,刘备
黑泽明,黑澤明
司馬遼太郎,司马辽太郎
陈文茜,陳文茜
许信良,許信良
工會,工会
康有為,康有为
陳炯明,陈炯明
汉太祖,刘邦
伊姆霍特普,印何闐
漢太祖,刘邦
李淵,李渊
李鵬,李鹏
唐憲宗,唐宪宗
陶吉吉,陶喆
蔡智恒,蔡智恆
包青天,包拯
辛弃疾,辛棄疾
李坤泰,赵一曼
张大千,張大千
沙和尚,沙僧
司馬昭,司马昭
龟井绘里,龜井繪里
羽柴秀吉,丰臣秀吉
艾奥,伊俄
藤島康介,藤岛康介
后藤真希,後藤真希
順治皇帝,顺治帝
顺治皇帝,顺治帝
荊軻,荆轲
晉文公,晋文公
齊桓公,齐桓公
马太,馬太
久石讓,久石让
孙立人,孫立人
载湉,光绪帝
福临,顺治帝
韓非,韩非
亚哈沙鲁,薛西斯一世
共工,共工氏
三浦按针,三浦按針
邓丽筠,鄧麗君
严复,嚴復
小儀,阮小儀
李昌镐,李昌鎬
大野洋子,小野洋子
波爾布特,波尔布特
程胡,鍾雲
福澤諭吉,福泽谕吉
弘历,乾隆帝
苻堅,苻坚
柳公权,柳公權
刘渊,劉淵
勾踐,勾践
谢长廷,謝長廷
大乔,大喬
政客,政治人物
长岛茂雄,長嶋茂雄
窩闊台,窝阔台
湯川秀樹,汤川秀树
白痴天才,學者症候群
钟云,鍾雲
黄毓民,黃毓民
史太林,斯大林
郭子儀,郭子仪
松浦亞彌,松浦亚弥
胡蘭成,胡兰成
邵漂萍,邵飘萍
默突舍拉,瑪土撒拉
高樹瑪利亞,高树玛利亚
陆逊,陸遜
王作荣,王作榮
左字林,左权
弘曆,乾隆帝
載灃,载沣
光緒帝,光绪帝
載湉,光绪帝
谷壽夫,谷寿夫
韩幌,韓滉
臼井仪人,臼井儀人
田中真纪子,田中真紀子
菩提祖師,菩提祖师
何鸿燊,何鴻燊
车太贤,車太鉉
富坚义博,冨樫義博
福臨,顺治帝
清聖祖,康熙帝
宣統帝,溥仪
岡村寧次,冈村宁次
聶榮臻,聂荣臻
李英爱,李英愛
蔡鍔,蔡锷
依撒格,以撒
易司哈格,以撒
以實瑪利,以实玛利
依市瑪耳,以实玛利
苏哈托,蘇哈托
蘇哈圖,蘇哈托
苏哈图,蘇哈托
郎世宁,郎世寧
李成延,李丞涓
李炳宪,李炳憲
歡兜,驩兜
驩頭,驩兜
楊業,杨业
加护亚依,加護亞依
李顯揚,李显扬
武雄山,武雄山喬義
赵修业,赵紫阳
梁紅玉,梁红玉
呂不韋,吕不韦
溥杰,溥傑
關帝,关羽
关公,关羽
姜子牙,太公望
姜太公,太公望
荀况,荀子
张骞,張騫
元宪宗,蒙哥
孔夫子,孔子
周志开,周志開
吴越武肃王,钱镠
吉娃斯阿麗,高金素梅
佐藤榮作,佐藤荣作
葉鐵雄,許不了
井上雄彥,井上雄彦
漢高后,吕雉
谢霆锋,謝霆鋒
陳嘉庚,陈嘉庚
藤原镰足,藤原鎌足
中臣镰足,藤原鎌足
李纨,李紈
江戶川柯南,江户川柯南
顏真卿,颜真卿
伊藤潤二,伊藤润二
本笃十六世,本篤十六世
譚嗣同,谭嗣同
王熙凤,王熙鳳
樋口明日香,樋口明日嘉
谢仁祖,谢尚
高锟,高錕
炎皓鐵,印何闐
李显,唐中宗
魏齐王,曹芳
吳大帝,孙权
清高宗,乾隆帝
昭烈帝,刘备
完顏旻,完颜阿骨打
清德宗,光绪帝
妥欢帖睦尔,元順帝
西澤祐司,西澤裕司
淨空法師,釋淨空
军人节,軍人節
狄奥斯库若,狄奧斯庫若
劉海,刘海
黃忠,黄忠
馬超,马超
孙和,孫和
织田信秀,織田信秀
赵显,宋恭帝
孙亮,孫亮
屈平,屈原
李銀珠,李恩宙
汜胜之,氾勝之
高健龙,高健龍
黃金輝,黄金辉
明哲,柯旗化
会稽王,孫亮
张苍水,张煌言
張自忠,张自忠
南帝,段智興
中神通,王重陽
呂后,吕雉
地皇炎帝,炎帝
文宣王,孔子
蒼頡,仓颉
轩辕黄帝,黄帝
鉴真,鑒真
宮崎駿,宫崎骏
至聖,孔子
阿倍仲麻吕,阿倍仲麻呂
彼得武,北野武
宝儿,寶兒
亨桑林,韓桑林
梁爱诗,梁愛詩
神農氏,神农
喬治六世,乔治六世
齊太公,太公望
挪亚,挪亞
瑪竇,馬太
乡广美,乡裕美
宇宙的人,博学家
蒋方震,蔣百里
贝利萨留,贝利撒留
毛主席,毛泽东
刘铭传,劉銘傳
保大皇帝,保大帝
胡適之,胡適
诺亚,挪亞
諾亞,挪亞
華陀,华佗
林延年,神奈延年
陳舜臣,陈舜臣
汪兆铭,汪精卫
陳友諒,陈友谅
摩阿布族,摩押人
丰子恺,豐子愷
秦越人,扁鹊
一灯,段智興
清恭宗,溥仪
宣仁太后,宣仁皇后
武田晴信,武田信玄
圣彼得,西門彼得
后藤久美子,後藤久美子
唐太祖,李虎
唐光帝,李天錫
黑田官兵卫,黑田孝高
宇文黑獺,宇文泰
阮高其,阮高祺
金兀朮,兀术
池脅千鶴,池脇千鶴
郭尚勋,郭尚勳
赫底彻,海迪彻
阿以莎,阿伊莎
静安先生,王国维
上卷先生,胡適
湖衣姬,諏訪御料人
淀君,淀殿
范徐丽泰,范徐麗泰
子思,孔伋
徐世勣,李世勣
鱄诸,专诸
司马丕,晉哀帝
司馬德宗,晋安帝
宫崎峻,宫崎骏
吴尔凯西,吾尔开希
公孫鞅,商鞅
越王勾踐,勾践
肖劲光,萧劲光
關雲長,关羽
曹孟德,曹操
刘玄德,刘备
夸父追日,夸父
刘操,刘海
刘海蟾,刘海
豬悟能,猪八戒
沙悟净,沙僧
邵闻泰,邵力子
绫濑遥香,綾瀨遙
闵子骞,闵损
圣伯铎,西門彼得
真田幸村,真田信繁
单衣顺母,闵损
冉有,冉求
唐哀宗,唐哀帝
清逊帝,溥仪
仲弓,冉雍
嬴扶苏,扶苏
黄茂金,黄茂银
曾子城,曾国藩
曾伯函,曾国藩
程知节,程咬金
朴赞郁,朴贊郁
易卜拉辛,亞伯拉罕
尔萨,爾撒
痞子蔡,蔡智恆
贝巴尔一世,拜巴尔一世
北政所,高台院
伊達五郎八,五郎八姬
阿卡汗三世,阿迦汗三世
聖安得魯,安得烈
聖安得烈,安得烈
聖安德肋,安得烈
张果,張果老
亞流,阿利烏
惠美押勝,藤原仲麻吕
皮拉斯,皮洛士
盤古氏,盘古
梅瑟,摩西
易斯玛仪,以实玛利
刘辩,劉辯
晋世祖,司馬炎
長尾景虎,上杉謙信
陈靖姑,臨水夫人
崢縑德,釋廣德
壳庭琰,吳廷琰
孝钦显皇后,慈禧太后
山口淑子,李香蘭
李堯棠,巴金
鮫島純也,小泉纯也
最上義姬,義姬
佛地魔,伏地魔
弘農王,劉辯
汉少帝辩,劉辯
杨升庵,杨慎
聂斯托里,聶斯脫里
阿里乌斯,阿利烏
亚伦,亞倫
宫泽理惠,宮澤理惠
江譽鏐,南海十三郎
赛墨勒,塞墨勒
易斯玛尼,以实玛利
祝融氏,祝融
天海佑希,天海祐希
公输般,鲁班
天妃,媽祖
磯法,西門彼得
李祝,唐哀帝
方安生,陳方安生
阮佩儀,阮小儀
陈方安生,陳方安生
韋家晴,陳志雲
元定宗,贵由
许逊崇拜,许逊
李世绩,李世勣
李勣,李世勣
劉表,刘表
元睿宗,拖雷
關優子,宮村優子
黃帝軒轅氏,黄帝
耶律洪基,辽道宗
李秉憲,李炳憲
高后,吕雉
晏子,晏婴
西楚霸王,项羽
汉初三杰,漢初三傑
聖瑪竇,馬太
木下藤吉郎,丰臣秀吉
周总理,周恩来
聖伯多祿,西門彼得
毛利胜永,毛利勝永
黄歇,春申君
武后,武则天
唐宗漢,唐鳳
伍才,伍廷芳
瑪哈維拉,笩駄摩那
后蜀后主,孟昶
后周太祖,郭威
南汉高祖,劉龑
金衛紹王,完颜永济
完顏永濟,完颜永济
大理保定帝,段正明
后晋高祖,石敬瑭
后汉高祖,劉知遠
吴会稽王,孫亮
曹魏齐王,曹芳
西辽德宗,耶律大石
后蜀高祖,孟知祥
吕望,太公望
李昰應,兴宣大院君
晉武帝,司馬炎
贾后,賈南風
蔺相如,藺相如
波諾,博诺
帕思巴,八思巴
李进忠,魏忠贤
皇后美智子,美智子
句踐,勾践
韓世忠,韩世忠
天后娘娘,媽祖
畢友,畢華流
斯文侯,郇和
赵治勋,趙治勳
哈希姆王朝,哈希姆家族
方智怡,蔣方智怡
土肥原賢二,土肥原贤二
小萝卜头,宋振中
拿破崙一世,拿破仑一世
拿破崙大帝,拿破仑一世
樸鼎查,砵甸乍
荣誉国民,榮譽國民
和熹邓皇后,和熹皇后
包玉刚,包玉剛
日吉丸,丰臣秀吉
普露茲,薩比家
葉啟田,葉憲修
英雄主義,英雄
轩辕,黄帝
梁任公,梁启超
腐田,福田己津央
仲間由紀惠,仲间由纪惠
赖山德尔,吕山德
湖南少年歌,杨度
長島茂雄,長嶋茂雄
梁淑怡,周梁淑怡
嬴婴,子婴
高樹瑪麗亞,高树玛利亚
孟青山,嘎达梅林
秀策,本因坊秀策
島谷瞳,岛谷瞳
斎藤千和,斋藤千和
苏氏三父子,三苏
方孝儒,方孝孺
总市长,市长
美猴王,孙悟空
孙行者,孙悟空
劉繼興,劉鋹
卡隆,卡戎
唐高祖李渊,李渊
汉高祖刘邦,刘邦
阿合马,阿合馬
清废帝,溥仪
堀江貴文,堀江贵文
金鎰喆,金一哲
宮澤里惠,宮澤理惠
伍庭芳,伍廷芳
吳文欽,吳念真
徐娘半老,徐昭佩
波卡洪塔斯,宝嘉康蒂
沈葆禎,沈葆楨
羽柴秀長,豐臣秀長
奥菲斯,俄耳甫斯
韓寒,韩寒
孙正义,孫正義
張志民,張帝
竺道生,道生
汪精衛,汪精卫
秦二世胡亥,秦二世
阮爱国,胡志明
鄉廣美,乡裕美
歐羅芭,欧罗巴
美狄婭,美狄亞
奧爾甫斯,俄耳甫斯
盤古,盘古
女媧,女娲
倪柝聲,倪柝声
壽光院,大典侍御方
王嬙,王昭君
吴烈祖,楊渥
后梁郢王,朱友珪
滨崎步,濱崎步
濱崎來美,濱崎步
高樹瑪莉亞,高树玛利亚
吕绍,呂紹
秃发傉檀,禿髮傉檀
劉淑儀,葉劉淑儀
直江兼续,直江兼續
杨行密,楊行密
徐温,徐溫
埃帕米农达,伊巴密濃達
伊巴密浓达,伊巴密濃達
伊巴密農達,伊巴密濃達
伊巴密农达,伊巴密濃達
埃帕米農達,伊巴密濃達
埃帕米農德,伊巴密濃達
埃帕米农德,伊巴密濃達
马希声,馬希聲
马希萼,馬希萼
马希崇,馬希崇
杨渥,楊渥
刘仁恭,劉仁恭
刘旻,劉旻
高从诲,高從誨
周保权,周保權
留从效,留從效
留绍镃,留紹鎡
张汉思,張漢思
陈洪进,陳洪進
冯国璋,馮國璋
張玄靚,张玄靓
陈其美,陳其美
黃巢,黄巢
王進逵,王逵
錢惟演,钱惟演
劉巖,劉龑
陈果夫,陳果夫
张文远,張遼
张翼德,张飞
赵子龙,赵云
马孟起,马超
郭奉孝,郭嘉
孙仲谋,孙权
魏文长,魏延
徐公明,徐晃
诸葛武侯,诸葛亮
上官婉兒,上官婉儿
吴淑珍,吳淑珍
潘朵拉,潘多拉
葛飾北齋,葛饰北斋
趙沱,赵佗
秦邦宪,博古
苏我虾夷,蘇我蝦夷
国姓爷,鄭成功
黎胥留,黎塞留
貴由,贵由
西伯,周文王
項籍,项羽
項英,项英
蕭何,萧何
先主,刘备
西皇后,慈禧太后
晋武帝,司馬炎
漢尼拔,汉尼拔
赫里索希尔,赫利梭黑
毛人鳳,毛人凤
梭倫,梭伦
鲍有祥,鮑有祥
綾十行人,綾辻行人
遼道宗,辽道宗
亞毛斯,阿摩司
淩統,凌統
來山得,吕山德
蒋干,蔣幹
徐光啟,徐光启
徐达,徐達
李从珂,李從珂
亞伯蘭,亞伯拉罕
陆象山,陸九淵
雷锋日,雷锋
蜀軍五虎將,五虎将
曹军五虎将,五虎将
梁山五虎將,五虎将
容閎,容闳
公孙鞅,商鞅
劉季,刘邦
劉伯承,刘伯承
劉華清,刘华清
新海诚,新海誠
吕后,吕雉
龍雲,龙云
羅榮桓,罗荣桓
矢泽爱,矢澤愛
劉翔,刘翔
松贊幹布,松赞干布
吴大帝,孙权
陆荣廷,陸榮廷
晋惠帝,晉惠帝
司馬衷,晉惠帝
女性化,女性
铁木真,成吉思汗
完颜旻,完颜阿骨打
中岛美雪,中島美雪
柴門文,柴门文
葉劍英,叶剑英
葉挺,叶挺
燕剌王,安祿山
前田慶次,前田利益
袁项城,袁世凯
片仓景纲,片倉景綱
木户孝允,木戶孝允
元载,元載
杜凤扬,蔡杜氏
郭子兴,郭子興
韩滉,韓滉
劉金刀,林清
劉安國,林清
置鯰龍太郎,置鮎龍太郎
村上义清,村上義清
雷鋒,雷锋
爱田友,愛田由
女媧補天,女娲
织田裕二,織田裕二
蔡孑民,蔡元培
呂洞賓,吕洞宾
关云长,关羽
關聖帝君,关羽
孚佑帝君,吕洞宾
胡北风,胡底
趙佗,赵佗
劉據,刘据
弥敦,彌敦
嬰兒潮世代,嬰兒潮
陆秀夫,陸秀夫
孚祐帝君,吕洞宾
朱经武,朱經武
罔田有希子,岡田有希子
天上聖母,媽祖
駱賓王,骆宾王
蘇轍,苏辙
劉昫,刘昫
蓼丸綾,綾瀨遙
蒋宋孔陈,四大家族
列御寇,列禦寇
俺答,俺答汗
南唐后主,李煜
豬八戒,猪八戒
猪悟能,猪八戒
幸田来未,倖田來未
张郃,張郃
乐进,樂進
黄百韬,黃百韜
地官大帝,舜
天官大帝,尧
水官大帝,禹
陳露,陈露
三宝太监,鄭和
种村有菜,種村有菜
郭錫塯,郭錫瑠
冈崎律子,岡崎律子
玉置成实,玉置成實
波布,波尔布特
巴伯爾,巴卑尔
西塞羅,西塞罗
竹内结子,竹內結子
松岛菜菜子,松嶋菜菜子
陈文香,陳文香
平井坚,平井堅
裕仁天皇,昭和天皇
杨曦光,杨小凯
熊向暉,熊向晖
唐泽寿明,唐澤壽明
李祚,唐哀帝
魯班,鲁班
方勵之,方励之
邹韬奋,鄒韜奮
梅澤由香里,吉原由香里
火野丽,火野玲
亞瑟王,亚瑟王
藤本美贵,藤本美貴
荒川靜香,荒川静香
武藏坊弁庆,武藏坊辨慶
陆奥宗光,陸奧宗光
泽尻绘里香,澤尻英龍華
田村由加利,田村由香里
島田紳助,岛田绅助
唐飞,唐飛
唐宪宗李纯,唐宪宗
顏良,颜良
大鷹淑子,李香蘭
花森ぴんく,花森小桃
妻夫木聪,妻夫木聰
大仓忠义,大倉忠義
纹舞兰,紋舞蘭
苍井空,蒼井空
所罗门王,所羅門
陳雲英,陈云英
伍豪,周恩来
蔡松坡,蔡锷
横山裕,橫山裕
楊度,杨度
溤鍚範,馮錫範
由贵香织里,由貴香織里
锦户亮,錦戶亮
内博贵,內博貴
小平邦彦,小平邦彥
武廟,武庙
陈元光,陳元光
開漳聖王,陳元光
淳于瓊,淳于琼
張慈觀,法主公
聖馬提亞,馬提亞
宮本雄二,宫本雄二
包公,包拯
關二哥,关羽
桂小五郎,木戶孝允
陈子昂,陳子昂
福原愛,福原爱
西賽羅,西塞罗
二位尼,平時子
呂仙祖,吕洞宾
弁慶,武藏坊辨慶
言仁親王,安德天皇
宮尾順治,宮尾舜治
上户彩,上戶彩
普魯士元帥,德国元帅
杨衢云,楊衢雲
人见次郎,人見次郎
高桥守雄,高橋守雄
后藤文夫,後藤文夫
陈逊言,陳遜言
袁慰亭,袁世凯
孫燕姿,孙燕姿
宋藹齡,宋靄齡
鄭夢九,郑梦九
杨增新,楊增新
扎比家族,薩比家
魏保罗,魏保羅
張巴拿巴,张巴拿巴
馬禮遜,马礼逊
李香兰,李香蘭
朱舜水,朱之瑜
司马炎,司馬炎
张角,張角
傅德用,傅老榕
磐古,盘古
順治帝,顺治帝
蔡倫,蔡伦
慕容寶,慕容宝
李自成起义,李自成
陳伯達,陈伯达
三浦美紀,櫻桃子
鍾毅,钟毅
刘镇伟,劉鎮偉
汤恩伯,湯恩伯
母辛,妇好
葉恭綽,叶恭绰
胡适之,胡適
林思齐,林思齊
神原康政,榊原康政
使徒彼得,西門彼得
日比野梓,日美野梓
清水愛,清水爱
梁陈明任,梁陳明任
王重阳,王重陽
趙飛燕,赵飞燕
黃錢淇濂,黃錢其濂
小島秀夫,小岛秀夫
扎比家,薩比家
中村俊辅,中村俊輔
中田英寿,中田英壽
柳泽敦,柳澤敦
宮本恆靖,宫本恒靖
駒野友一,驹野友一
大黑將志,大黑将志
秋月杏奈,紅音螢
王云五,王雲五
足利义昭,足利義昭
姒文命,禹
李泽楷,李澤楷
李泽钜,李澤鉅
金美龄,金美齡
钟亚瑟,鍾亞瑟
馮安邦,冯安邦
陳安保,陈安宝
朱實夫,朱实夫
赖传湘,賴傳湘
吳國璋,吴国璋
鄒紹孟,邹绍孟
趙渭濱,赵渭滨
范庭蘭,范庭兰
劉桂五,刘桂五
鄭作民,郑作民
安達佑實,安達祐實
林原めぐみ,林原惠
杜正胜,杜正勝
李家鈺,李家钰
楊慎,杨慎
徐敬业,李敬業
蔣介石,蔣中正
蒋中正,蔣中正
蒋介石,蔣中正
耶稣的种族,耶稣
牛若丸,源義經
南懷瑾,南怀瑾
伊东怜,伊東怜
黄维,黃維
张灵生,張靈生
陈洁如,陳潔如
陈乙东,陳乙東
韩综,韓綜
鄧世昌,邓世昌
彭婉如命案,彭婉如
聶士成,聂士成
窦宪,竇憲
稲垣吾郎,稻垣吾郎
西太后,慈禧太后
厄里亞,以利亞
伊萊沙,以利沙
何西阿,何西亞
橘子新樂園,橘子新乐园
丹羽長秀,丹羽长秀
榎本亜弥子,榎本亞彌子
完颜宗弼,兀术
所羅門王,所羅門
大島渚,大岛渚
中谷美纪,中谷美紀
陆征祥,陸徵祥
泽尻惠理香,澤尻英龍華
泽尻绘理香,澤尻英龍華
日莲大圣人,日莲
日蓮,日莲
高攀龍,高攀龙
劉武雄,七等生
杜預,杜预
青山剛昌,青山刚昌
伊东美咲,伊東美咲
閔子鶱,闵损
岩田さゆり,岩田小百合
方臘,方腊
劉琨,刘琨
刘豫,劉豫
源義朝,源义朝
武侯,诸葛亮
梁綠珠,綠珠
諸葛謹,诸葛瑾
馬三保,鄭和
泽城美雪,澤城美雪
高阪昌信,高坂昌信
李雲在,李云在
四大花旦,四小花旦
松来未佑,松來未祐
詹德坤,國歌少年
妥歡帖木兒,元順帝
葉飛,叶飞
上川徹,上川彻
余登發命案,余登發
黃日昇,黃嘉略
内藤昌丰,內藤昌豐
曹子建,曹植
楊德祖,楊修
衛紹王,完颜永济
金卫绍王,完颜永济
山内豊信,山內容堂
安贞焕,安貞桓
李旵,李惠宗
刘知远,劉知遠
洪仁坤,洪秀全
睦仁,明治天皇
水野春樹,水野春季
惟康亲王,惟康親王
趙顯,宋恭帝
黃長燁,黄长烨
樂毅,乐毅
张辽,張遼
加藤纮一,加藤紘一
黄禹锡,黃禹錫
山本晴幸,山本勘助
程潜,程潛
刘琦,劉琦
公孫瓚,公孙瓒
陳宮,陈宫
费祎,費禕
毌丘俭,毌丘儉
黄权,黃權
蒋琬,蔣琬
贾充,賈充
司马师,司馬師
嚴畯,严畯
杨彪,楊彪
杨修,楊修
袁谭,袁譚
袁紹,袁绍
袁術,袁术
张范,張範
诸葛谨,诸葛瑾
諸葛恪,诸葛恪
董袭,董襲
鄧艾,邓艾
高顺,高順
韩馥,韓馥
黄盖,黃蓋
焦觸,焦触
馬謖,马谡
許褚,许褚
严颜,嚴顏
張任,张任
张绣,張繡
周鲂,周魴
張南,张南
朱灵,朱靈
五虎將,五虎将
倭武天皇,日本武尊
倭建命,日本武尊
徐懋功,李世勣
曹无伤,曹無傷
项伯,項伯
嬴子嬰,子婴
项庄,項莊
樊桧,樊噲
汉高帝,刘邦
田中靜一,田中静壹
田中靜壹,田中静壹
田中静一,田中静壹
足利義教,足利义教
翁文灏,翁文灝
義巴敏諾達,伊巴密濃達
吳芮,吴芮
利維坦,利维坦
妇女,女性
平野綾,平野绫
楊玄感,杨玄感
冬馬由美,冬马由美
淺野真澄,浅野真澄
芝原千彌子,芝原千弥子
川村萬梨阿,川村万梨阿
小樱悦子,小櫻悅子
久川綾,久川绫
唐高祖,李渊
亞捫人,亚扪人
千秋,藤本千秋
愍皇帝,溥仪
张士诚,張士誠
劉福通,刘福通
韓林兒,韩林儿
湯和,汤和
下屋则子,下屋則子
飯富虎昌,饭富虎昌
唐義方,唐义方
黃初平,黄初平
古谷彻,古谷徹
益田時貞,天草四郎
校長,校长
足利义澄,足利義澄
火野麗,火野玲
火野蕾依,火野玲
地场卫,地場衛
窦固,竇固
金时习,金時習
顓頊,颛顼
樊於期,桓齮
爱内里菜,愛內里菜
仓木麻衣,倉木麻衣
金万重,金萬重
賴文光,赖文光
陳玉成,陈玉成
足利義視,足利义视
海王美智留,海王满
北魏长广王,元晔
后唐末帝,李從珂
北漢世祖,劉旻
二征,徵氏姐妹
徵側,徵氏姐妹
徵貳,徵氏姐妹
徵朝,徵氏姐妹
征侧与征贰,徵氏姐妹
二征起义,徵氏姐妹
足利義維,足利义维
辜显荣,辜顯榮
平沼骐一郎,平沼騏一郎
東鄉茂德,东乡茂德
白鳥敏夫,白鸟敏夫
松岡洋右,松冈洋右
征氏姐妹,徵氏姐妹
竹内玛莉亚,竹內瑪莉亞
竹內瑪麗亞,竹內瑪莉亞
陳志鵬,湯尼陳
堂本刚,堂本剛
孙匡,孫匡
孙翊,孫翊
孫朗,孙朗
坂口宪二,坂口憲二
羅賓漢,罗宾汉
萊齊耶三世,莱齐耶三世
貝利撒留,贝利撒留
趙合德,赵合德
許平君,许平君
邓绥,和熹皇后
贾南风,賈南風
羊献容,羊獻容
郑樱桃,鄭櫻桃
朱满月,朱滿月
陈月仪,陳月儀
中岛卓伟,中島卓偉
蕭爾兄妹,朔尔兄妹
佐治六世,乔治六世
冈田有希子,岡田有希子
小池彻平,小池徹平
女方,女性
海部俊树,海部俊樹
東鄉平八郎,东乡平八郎
石原莞爾,石原莞尔
富樫義博,冨樫義博
桦山资纪,樺山資紀
張魯,张鲁
甘寧,甘宁
西保信之,武田信之
陆九渊,陸九淵
陸象山,陸九淵
赵小兰,趙小蘭
傅作義,傅作义
王劍岳,王剑岳
韓炳宸,韩炳宸
付忠貴,付忠贵
陈安保,陈安宝
熊心,楚義帝
戶粟郁子,戶栗郁子
衛立煌,卫立煌
劉家麒,劉家騏
罗广文,羅廣文
胡琏,胡璉
顾祝同,顧祝同
蒋仲苓,蔣仲苓
黄幸强,黃幸強
嘉靖帝,明世宗
宮澤喜一,宫泽喜一
楚义帝,楚義帝
陳希同,陈希同
福音朋友,慕道友
新加坡总理,新加坡總理
万虎,万户
绫濑遥,綾瀨遙
綾瀨遙香,綾瀨遙
後藤又兵衛,後藤基次
明石守重,明石全登
善德王,善德女王
谷垣禎一,谷垣祯一
钟繇,鍾繇
荒木贞夫,荒木貞夫
道姑,道士
韓明淑,韩明淑
熊希龄,熊希齡
朱家骅,朱家驊
三蘇,三苏
槇文彦,槙文彥
羅迦陵,罗迦陵
毛润之,毛泽东
市長,市长
伊東美崎,伊東美咲
史大林,斯大林
胡賡年,胡赓年
彩花銘,彩花珉
尉迟迥,尉遲迥
吕祖,吕洞宾
醫聖,張仲景
張長沙,張仲景
张灵甫,張靈甫
高橋留美子,高桥留美子
萊特兄弟,莱特兄弟
安倍晉太郎,安倍晋太郎
矢岛晶子,矢島晶子
杜憲,杜宪
諸葛瑾,诸葛瑾
宓不齐,宓不齊
宓子賤,宓不齊
郁久閭斛律,斛律
阎立德,閻立德
蘇惠,苏蕙
蘇舜欽,苏舜钦
梶原ひかり,梶原光
刁蟬,貂蝉
昭君,王昭君
黑齒常之,黑齿常之
冈村明美,岡村明美
蔡廷鍇,蔡廷锴
肖山令,蕭山令
瀨戶內晴美,瀨戶內寂聽
高太后,宣仁皇后
黃道周,黄道周
岩田聰,岩田聪
彩花みん,彩花珉
寺內壽一,寺内寿一
渡邊鍍太郎,渡邊錠太郎
宫崎吾朗,宮崎吾朗
陳季常,陳慥
潘金淑,潘氏金福
潘氏金菊,潘氏金福
刘鋹,劉鋹
杨文明,楊文明
吴应熊,吳應熊
孝灵天皇,孝靈天皇
苏我马子,蘇我馬子
道鏡,道镜
藤原仲麻呂,藤原仲麻吕
平将门,平將門
近卫文麿,近衛文麿
近衛文麻呂,近衛文麿
近卫文麻吕,近衛文麿
安倍仲麿,阿倍仲麻呂
崇德院,崇德天皇
吉法師,織田信長
志田未来,志田未來
松川尚瑠辉,松川尚瑠輝
森本更纱,森本更紗
梁卓如,梁启超
梁任甫,梁启超
飲冰子,梁启超
饮冰子,梁启超
飲冰室主人,梁启超
饮冰室主人,梁启超
關勝,关胜
楊志,杨志
晁蓋,晁盖
高田勋,高畑勳
高畑勲,高畑勳
防風氏,防风氏
森山大辅,森山大輔
蔡平候,蔡平侯
軍人,军人
颜体,颜真卿
冉良,冉瞻
余传韬,余傳韜
介推,介子推
郭忏,郭懺
李凤英,李鳳英
張湯,张汤
庄周,庄子
陳光誠,陈光诚
武當七俠,武当七侠
野村エリヤ,野村江利也
刘长乐,劉長樂
長谷川京子,长谷川京子
前田树,前田樹
扫罗王,掃羅王
伊藤纯平,伊藤純平
勝海舟,胜海舟
押川大辅,押川大輔
李經方,李经方
孙艺珍,孫藝珍
谯纵,譙縱
登野城佑马,登野城佑真
德川纲吉,德川綱吉
梅冈南斗,梅岡南斗
高桥伯明,高橋伯明
司馬倫,司马伦
杜審言,杜审言
姚莹,姚瑩
刘湘,劉湘
樊檜,樊噲
唐武后,武则天
细川玉,明智玉
中頑童,周伯通
湯若望,汤若望
南懷仁,南怀仁
李善蘭,李善兰
葉焱生,黃國書
楊儀,杨仪
孙殿英,孫殿英
支倉常長,支仓常长
張國燾,张国焘
李潔明,李洁明
金德曼,善德女王
何鳳山,何凤山
清忠祖師,武松
真田大助,真田幸昌
氏家行广,氏家行廣
陳四萬,陳方安生
柴崎幸,柴咲幸
高倉健,高仓健
柴笑幸,柴咲幸
吴庭艳,吳廷琰
女子,女性
乞伏结权,乞伏結權
乞伏祐邻,乞伏祐鄰
陈玄礼,陳玄禮
許遠,许远
張巡,张巡
史朝义,史朝義
寇謙之,寇谦之
拜巴爾一世,拜巴尔一世
貝利薩留,贝利撒留
張獻忠,张献忠
张娜拉,張娜拉
孟胜,孟勝
下川三國,下川美娜
米内光政,米內光政
劉閼頭,閼陋頭
刘卫黄,刘少奇
萬世師表,孔子
祭仲,祭足
又吉耶稣,又吉耶穌
小田切讓,小田切让
劉熙,刘熙
魚夫,林奎佑
北条氏政,北條氏政
安東時貞,安東範久
北一輝,北一辉
崛川亮,堀川亮
藤澤秀行,藤泽秀行
婦好,妇好
陸西星,陆西星
北島康介,北岛康介
小狼,李小狼
小櫻,木之本櫻
悠仁,悠仁親王
种師道,种师道
种家將,种家将
种諤,种谔
張邦昌,张邦昌
獨孤信,独孤信
司马德宗,晋安帝
颜之推,顏之推
石桥湛山,石橋湛山
陳國峻,陳興道
叢飛,丛飞
史湘云,史湘雲
萧宝寅,萧宝夤
吳丹,吴丹
一燈,段智興
一燈大師,段智興
南僧,段智興
南唐後主,李煜
西施传说,西施
内田镇家,內田鎮家
張東健,张东健
阿市,織田市
片倉小十郎,片倉景綱
阿松,芳春院
秦日綱,秦日纲
林凤祥,林鳳祥
漢質帝,汉质帝
刘缵,汉质帝
魏齊王,曹芳
后藤邑子,後藤邑子
劉粲,刘粲
松本智津夫,麻原彰晃
鄧演達,邓演达
陈冯富珍,陳馮富珍
女娲补天,女娲
福島弓子,鈴木弓子
焦亮,洪大全
洪大泉,洪大全
安倍晉三,安倍晋三
马腾,馬騰
陈圆圆,陳圓圓
大谷吉隆,大谷吉繼
安德烈,安得烈
邹至蕙,鄒至蕙
许筠,許筠
何太后,灵思皇后
完顏允濟,完颜永济
完颜允济,完颜永济
吴王夫差,夫差
周公,周公旦
世戶口政真,世戶口政良
何柱国,何柱國
妥歡貼睦爾,元順帝
和世梀,元明宗
和世琜,元明宗
嬴胡亥,秦二世
万爱花,萬愛花
伊祁放勳,尧
姬顓頊,颛顼
前涼沖王,张玄靓
後趙武帝,石虎
後趙太祖,石虎
李闰民,李閏珉
後燕惠愍帝,慕容宝
後涼隱王,呂紹
南涼景王,禿髮傉檀
南燕北海王,慕容超
董建华,董建華
ゆかな,尤加奈
軒轅,黄帝
蔡铤楷,蔡廷锴
姬棄,弃
美崎涼香,秋菜里子
廣澤草,秋菜里子
円仁,圆仁
陈豪人,陈昭礼
佐久間麗,佐久間玲
段末杯,段末波
段末柸,段末波
邓铿,鄧鏗
浅野长政,淺野長政
阿部サダヲ,阿部貞夫
陈希周,陈昭礼
陈导民,陈昭礼
南越武王,赵佗
南越武帝,赵佗
渡边谦,渡邊謙
川口順子,川口顺子
權相宇,權相佑
大石內藏助,大石良雄
孔子標準像,孔子标准像
孔子像,孔子标准像
陳希夷,陈抟
李钟郁,李鍾郁
英靈,英靈戰士
恩赫里亞,英靈戰士
细川胜元,細川勝元
高桥尚子,高橋尚子
陶唐氏,尧
蔡东藩,蔡東藩
關鋒,关锋
金子美铃,金子美鈴
野上由加奈,尤加奈
服部正成,服部半藏
鬼半藏,服部半藏
山田桂子,小室桂子
小室圭子,小室桂子
李汉魂,李漢魂
祭苻家神,苻坚
苻家神,苻坚
子由,苏辙
徐麗泰,范徐麗泰
叶静宜,叶群
葉群,叶群
文茜,陳文茜
鳳裡犧,女娲
益,伯益
呉由姫,吳由姬
純佑帝君,刘海
閔慈英,明成皇后
陈毓祥,陳毓祥
陳葆心,蔡陳葆心
胡适,胡適
罗家伦,羅家倫
广桥凉,廣橋涼
鄧希賢,邓小平
保羅遮打,遮打
遮打爵士,遮打
戚姬,戚夫人
龍造寺胤信,龍造寺隆信
文俶,文鴦
弘法大師,空海
关老爷,关羽
中島弘熙,中島宏
霍官泰,霍英東
馮富珍,陳馮富珍
上杉政虎,上杉謙信
上杉輝虎,上杉謙信
曾恆彰,曾豪駒
国仲凉子,國仲涼子
城之内ミサ,城之内美莎
劉柔芬,梁劉柔芬
吕方,呂方
劉安,刘安
崔熙涉,崔熙燮
衛皇后,卫子夫
衛子夫,卫子夫
衛青,卫青
趙破奴,赵破奴
紅雲,红云
平陽昭公主,平阳昭公主
俞飞鹏,俞飛鵬
苏妲己,妲己
金善雅,金宣兒
歐羅巴,欧罗巴
宰我,宰予
青蓮居士,李白
青莲居士,李白
舒爾哈赤,舒爾哈齊
小明王,韩林儿
鎮西八郎,源為朝
亚希子,亞希子
大木奈津子,奈津子
大木亞紀子,亞希子
大木亚纪子,亞希子
贝尔摩的,黑暗组织
澤尻繪里香,澤尻英龍華
秀吉,丰臣秀吉
松阪大輔,松坂大輔
筱田建市,司忍
雪乃五月,雪野五月
渡边芳则,渡邊芳則
安贞桓,安貞桓
安貞煥,安貞桓
公輸子,鲁班
公孫班,鲁班
公孫般,鲁班
かないみか,金井美香
田口壮,田口壯
おおた慶文,太田慶文
紺野麻美,紺野朝美
长谷川优,三浦愛佳
儿玉源太郎,兒玉源太郎
江島,繪島
蒲生賦秀,蒲生氏鄉
安達充,安达充
安达祐实,安達祐實
岸本齊史,岸本齐史
自閉學者,學者症候群
褚福军,戈麦
管谟业,莫言
武田胜赖,武田勝賴
阿勒坦,俺答汗
完顏兀朮,兀术
异能天才,學者症候群
伍浩官,伍秉鉴
蓝苹,江青
庄文浩,莊文浩
趙壽山,赵寿山
久多良木健,久夛良木健
孙武子,孙武
安德,安德天皇
黃郛,黄郛
篤姫,天璋院
稻本潤一,稻本润一
呂純陽,吕洞宾
又吉光雄,又吉耶穌
森薫,森薰
下村勉,下村努
協天大帝,关羽
隗嚣,隗囂
文丑,文醜
下村勤,下村努
馮延己,冯延巳
馮延巳,冯延巳
楊駿,杨骏
豊口めぐみ,豐口惠
豐口惠美,豐口惠
希波格拉底,希波克拉底
盧九,盧華紹
司馬越,司马越
三屋静,三屋靜
豊口惠,豐口惠
钉宫理惠,釘宮理惠
齐学启,齊學啟
黃山谷,黃庭堅
黄庭坚,黃庭堅
司馬瑰,司馬瓌
阿兵哥,军人
爭霸傳奇,爭霸
伍員,伍子胥
徳永千奈美,德永千奈美
施妃暄,師妃暄
李娜英,李奈映
森長定,森蘭丸
胡沙虎,紇石烈執中
愛莪,伊俄
水野亜美,水野亞美
山口眞弓,山口真弓
鸟居元忠,鳥居元忠
管夷吾,管仲
糜夫人,麋夫人
白南舜,白南淳
施然,朱然
聂斯脱里,聶斯脫里
聂斯多略,聶斯脫里
聶斯脫利,聶斯脫里
聶斯托留,聶斯脫里
聂斯托留,聶斯脫里
筱原惠美,篠原惠美
錦戸亮,錦戶亮
陳子明,陈子明
上流美,許純美
李闰珉,李閏珉
稲垣理一郎,稻垣理一郎
曹大家,班昭
主耶穌,耶稣
趙隰,宋恭帝
道長,道士
薛仁贵,薛仁貴
川瀬智子,川瀨智子
澤尻繪理香,澤尻英龍華
泽尻英龙华,澤尻英龍華
范谤,范滂
梁廷棟,梁廷栋
市村鉄之助,市村鐵之助
邱議褮,邱議瑩
底比斯圣军,底比斯圣队
底比斯圣团,底比斯圣队
下川三国,下川美娜
北乃きい,北乃紀伊
北乃纪伊,北乃紀伊
清宣統帝,溥仪
安彥良和,安彦良和
孚錯枝,錯枝
初無余之,無余
余炳賢,大炳
李贄,李贽
證嚴法師,釋證嚴
石川數正,石川数正
凌统,凌統
力丸乃りこ,力丸乃梨子
真田アサミ,真田麻美
かかずゆみ,嘉數由美
蓝玉,藍玉
横井军平,橫井軍平
宫泽里惠,宮澤理惠
袁黃,袁了凡
朱雋,朱儁
慢必,陳志全
譚得志,快必
提普苏丹,蒂普苏丹
姬揭,西周桓公
姬灶,西周威公
姬共之,西周武公
蓮華生大士,蓮花生
杨辇真珈,楊璉真珈
婦人,女性
蒋匪,蔣中正
老西庇阿,大西庇阿
陶朱公,范蠡
范少伯,范蠡
鴟夷子皮,范蠡
雪不台,速不台
韩彩英,韓彩英
小泽玛利亚,小澤瑪麗亞
小泽玛莉亚,小澤瑪麗亞
溫總,温家宝
神田來未子,倖田來未
吳榮,吳國太
信虎,武田信虎
飯田絢香,絢香
苍井优,蒼井優
安洁拉亚季,安潔拉亞季
宋恭宗,宋恭帝
虞妙弋,虞姬
李公朴,李公樸
义经,源義經
陈公博,陳公博
少昊氏,少昊
小和卓,霍集占
黑田如水,黑田孝高
長井規秀,齋藤道三
小福田晧文,小福田皓文
小福田租,小福田皓文
登野城佑馬,登野城佑真
圣安德鲁,安得烈
上戸彩,上戶彩
许惮公,許悼公
吳壹,吳懿
姜興父,許文公
沖田総司,沖田總司
荒川弘美,荒川弘
寇封,劉封
吳振偉,吴振伟
阎百川,阎锡山
阎伯川,阎锡山
言子,言偃
娲皇,女娲
牺皇,伏羲
長岡忠興,細川忠興
查史美倫,史美倫
柴咲コウ,柴咲幸
楊博任,楊博壬
晉景帝,司馬師
開閩聖王,王審知
顏惠慶,颜惠庆
拉匝祿,拉撒路
塞內加,塞內卡
塞尼加,塞內卡
徐羡之,徐羨之
謝晦,谢晦
謝琰,谢琰
角色設定,人物設計
金遜,詹遜
愚零鬪武多,武藤敬司
大和武尊,日本武尊
杨国,楊國
朱徽娖,长平公主
坤興公主,长平公主
阿九,长平公主
九難,长平公主
朱阿九,长平公主
麥加登,密卡登
張祖娥,孝哀悊皇后
張寶珠,孝哀悊皇后
黑木メイサ,黑木美沙
悟能,猪八戒
台奥赛斯,迪奧塞斯
鳩淺,勾践
四位太妃,四大太妃
郭紹培,郭耀明
隐太子,李建成
赵恒锡,赵恒惕
岑建勋,岑建勳
葛敦华,葛敦華
吉田一朗,吉野裕行
彭婉如案,彭婉如
黒木メイサ,黑木美沙
刘陟,劉龑
趙承輝,赵承熙
曹承禧,赵承熙
趙承熙,赵承熙
曹承熙,赵承熙
曹丞禧,赵承熙
內輪鼬太知,宇智波鼬
田村由加里,田村由香里
铃木霞,鈴木霞
黛玉,林黛玉
宝钗,薛寶釵
伯多祿,西門彼得
巴爾納伯,巴拿巴
鈴木かすみ,鈴木霞
司馬仲達,司马懿
莱齐三世,莱齐耶三世
金成泽,金成珉
斯奇比奥,大西庇阿
山本寛,山本寬
藤吉郎秀吉,丰臣秀吉
木下秀吉,丰臣秀吉
拓跋恒,拓跋恆
許子將,許劭
许劭,許劭
许子将,許劭
以实马利,以实玛利
德川光國,德川光圀
馬建常,马相伯
净坛使者,猪八戒
鬥戰勝佛,孙悟空
斗战胜佛,孙悟空
戰後嬰兒潮,嬰兒潮
三木眞一郎,三木真一郎
阿部寛,阿部寬
泰山府君,東嶽大帝
泰山神,東嶽大帝
嶽帝,東嶽大帝
東嶽帝君,東嶽大帝
東嶽真君,東嶽大帝
巢剌王,李元吉
人物設定,人物設計
朱公,范蠡
金承秀,金承洙
好兄弟,孤魂信仰
中壇元帥,哪吒
南宮適,南宮适
嘉靖皇帝,明世宗
懿貴妃,慈禧太后
上門導師,家庭教師
別兒哥,别儿哥
別爾克,别儿哥
滨琦步,濱崎步
施夷光,西施
载泽,載澤
武瞾,武则天
郭实腊,郭士立
哈希姆王室,哈希姆家族
松坂大辅,松坂大輔
时溥,時溥
朱媺娖,长平公主
秦二世皇帝,秦二世
秦三世皇帝,子婴
談錫永,王亭之
權珤雅,寶兒
權寶雅,寶兒
馬步青,马步青
桥本真也,橋本真也
順天聖母,臨水夫人
滝沢沙織,瀧澤沙織
公輸班,鲁班
韓佳仁,韓佳人
韩佳人,韓佳人
韩佳仁,韓佳人
平成怪物,松坂大輔
鴨母王,朱一貴
김정일,金正日
韓佳茵,韓佳人
韩佳茵,韓佳人
马俊贤,馬俊賢
徳川秀忠,德川秀忠
源義経,源義經
神農大帝,神农
吕太后,吕雉
金钟泌,金鍾泌
沢尻エリカ,澤尻英龍華
陶絮忠,陶喆
増田貴久,增田貴久
小仓优子,小倉優子
公孙范,公孫範
严刚,嚴綱
李卓吾,李贽
奈阿姬,天秀尼
明成王后,明成皇后
小澤一郎,小泽一郎
松岡利勝,松冈利胜
細川護熙,细川护熙
郭汝槐,郭汝瑰
九難師太,长平公主
松林宗恵,松林宗惠
八條院,暲子內親王
速水茂虎道,速水直道
山田凉介,山田涼介
顯仁親王,崇德天皇
蒲池幸子,坂井泉水
白多禄,白多祿
莊君平,莊遵
氏家卜全,氏家直元
庄君平,莊遵
池胁千鹤,池脇千鶴
韩德洙,韩惪洙
清末帝,溥仪
結城比呂,优希比吕
高耀潔,高耀洁
黒木瞳,黑木瞳
豊鋤入姬命,豐鍬入姬命
王脩,王修
近藤奈奈,水樹奈奈
關純,閔純
三好义继,三好義繼
波琉,波瑠
松川尚琉輝,松川尚瑠輝
松川尚琉辉,松川尚瑠輝
东园公,商山四皓
耶律宗元,耶律重元
尧帝,尧
張羅拏,張娜拉
松田圣子,松田聖子
沢城みゆき,澤城美雪
田村ゆかり,田村由香里
水橋かおり,水橋香織
西村ちなみ,西村千奈美
浅野まゆみ,淺野麻由美
大原さやか,大原沙耶香
张作霖家族,张作霖
聶赤贊布,聂赤赞普
桐生政次,桐生悠悠
元裕宗,真金
吉野莎莉,吉野紗莉
九保帶人,久保带人
李國昌,朱邪赤心
苑丽琼,苑瓊丹
苑琼丹,苑瓊丹
長谷川照子,绿川英子
張陵,张道陵
唐紹儀,唐绍仪
蕭乾,萧乾
張謇,张謇
岑參,岑参
蘆部信喜,芦部信喜
程思遠,程思远
湯用彤,汤用彤
劉歆,刘歆
劉禹錫,刘禹锡
劉黑闥,刘黑闼
專諸,专诸
龐涓,庞涓
檀道濟,檀道济
何進,何进
廉頗,廉颇
蘇秦,苏秦
聖馬可,聖馬爾谷
岩崎征実,岩崎征實
张作霖家庭,张作霖
加藤和枝,美空雲雀
曾文正,曾国藩
羋心,楚義帝
祝融之災,祝融
洪先嬌,洪宣娇
山名持豐,山名宗全
久間章生,久间章生
苻堅大帝,苻坚
利孝和夫人,利陸雁群
陸雁群,利陸雁群
海兒汗,亦納勒術
織田幹雄,织田干雄
吕库古,來古格士
叶楚伦,叶楚伧
瑈夫人,陳麗春
陈重金,陈仲金
单福,徐庶
玉置成実,玉置成實
犬冢牙,犬塚牙
李哲,唐中宗
副香港總督,香港副總督
吳志昊,吳智昊
晉文帝,司马昭
李重照,李重润
恭献贤妃,恭獻賢妃
阿济格,阿濟格
きみづか葵,君塚葵
木水香葵,君塚葵
移鼠,耶稣
辽义宗,耶律倍
市瀬秀和,市瀨秀和
關山月,关山月
金平日,金平一
兵,军人
十全老人,乾隆帝
蒋中正生平,蔣中正
趙國達,赵妪
鄧先聖,邓小平
炫彬,玄彬
柯鐵虎,柯鐵
卡德莫斯,卡德摩斯
蔣中正年譜,蔣中正
孟仁,孟宗
林紅玉,小红
食死人,食死徒
甄英莲,香菱
峰倉かずや,峰倉和也
中壇太子,哪吒
柳柳州,柳宗元
柳河东,柳宗元
潘金馥,潘氏金福
慕王,譚紹光
保儀尊王,雙忠
保儀大夫,雙忠
尪公,雙忠
雙忠公,雙忠
赵氏贞,赵妪
酒中八仙,飲中八仙
姬颓,王子颓
元樓,成龍
周废王,王子颓
李青蓮,李白
莱西马库,利西馬科斯
伊東美笑,伊東美咲
胡申翁,胡先翁
结城比吕,优希比吕
李西台,李建中
楊少師,楊凝式
顏魯公,颜真卿
长户大幸,長戶大幸
奈温,吴奈温
张源先,張源先
莱西马古,利西馬科斯
莱西马库斯,利西馬科斯
孟郎君,孟昶
孟府郎君,孟昶
麼地爵士,麼地
庄元辰,莊元辰
朱晦庵,朱熹
春田奈奈,春田菜菜
小松姬,本多小松
稻姬,本多小松
淺田香織,粉紅邦妮
屜岡繁藏,笹岡繁藏
沢木郁也,澤木郁也
觉昌安,覺昌安
耶酥,耶稣
佐橋俊彦,佐橋俊彥
溫仲琦,溫晉韓
基督耶穌,耶稣
如來佛,如来佛祖
论钦陵,論欽陵
江崎玲于奈,江崎玲於奈
鮎川なお,鮎川奈緒
高丽太祖,高麗太祖
赵贞,赵妪
關帝君,关羽
镜子男人,植草一秀
近衛文磨,近衛文麿
阿耳戈英雄,阿爾戈英雄
至聖先師,孔子
毛匪,毛泽东
森林太郎,森鷗外
人物設計師,人物設計
大江元就,毛利元就
娄室大王,完颜娄室
五穀王,神农
五穀先帝,神农
與謝野鐵干,與謝野鐵幹
沈仲禮,沈敦和
与谢野铁干,與謝野鐵幹
那州雪絵,那州雪繪
姚广孝,姚廣孝
天妃娘娘,媽祖
石塚运升,石塚運昇
麻宮騎亜,麻宮騎亞
戾太子,刘据
光緒皇,光绪帝
帕廸卡,佩爾狄卡斯
裕仁皇太子,昭和天皇
林默娘,媽祖
禧嬪張氏,張禧嬪
布袋尊,布袋和尚
亚尔古英雄,阿爾戈英雄
李愛貞,李愛情
李愛靜,李愛情
郑苹如,鄭蘋如
莊陳友,莊陳有
徐大炮,徐四民
吳維僔,吴维尊
长势甚远,長勢甚遠
藤崎竜,藤崎龍
純陽祖師,吕洞宾
山下明彦,山下明彥
倍賞千恵子,倍賞千惠子
片滿則,片塰滿則
片塰満則,片塰滿則
許旌陽,许逊
普庵,普庵印肅
普庵禪師,普庵印肅
普唵,普庵印肅
普庵祖師,普庵印肅
普唵教主,普庵印肅
都天聖君,法主公
法主三公,法主公
阿里乌,阿利烏
文藝復興人,博学家
旌陽祖師,许逊
大洞真君,吴猛
普庵菩薩,普庵印肅
鄭國姓,鄭成功
鄭延平,鄭成功
延平王,延平郡王
苻王爺,苻坚
開山王,延平郡王
安德洛米达,安德洛墨達
丹达罗斯,坦塔洛斯
孟耐勞士,墨涅拉俄斯
德弗巴斯,得伊福玻斯
普庵佛祖,普庵印肅
普唵佛祖,普庵印肅
小泉ゆうか,小泉优香
郷田ほづみ,鄉田穗積
郷田穂積,鄉田穗積
墨涅拉奥斯,墨涅拉俄斯
蘇蕙,苏蕙
利西马古,利西馬科斯
坦塔罗斯,坦塔洛斯
晏平仲,晏婴
成瀬未亜,成瀨未亞
榊原ゆい,榊原由依
宋公明,宋江
由布姬,諏訪御料人
杜鏞,杜月笙
鉴真和尚,鑒真
織田有樂齋,織田長益
姬良,张良
帕尔普庭,白卜庭
周文公,周公旦
謝府元帥,谢玄
岡田準一,岡田准一
竹岡美穂,竹岡美穗
一橋慶喜,德川庆喜
德川慶福,德川家茂
歌川国貞,歌川國貞
蘇鑄,华国锋
刁民牛,游乃權
萬里,万里
楊善深,杨善深
蕭勁光,萧劲光
張愛萍,张爱萍
張連忠,张连忠
張定發,张定发
吳法憲,吴法宪
張廷發,张廷发
雷潔瓊,雷洁琼
三代目火影,猿飛蒜山
鄧恩銘,邓恩铭
李国宝,李國寶
霍英东,霍英東
马万祺,馬萬祺
朱執信,朱执信
謝富治,谢富治
朱大符,朱执信
陶鑄,陶铸
汪東興,汪东兴
陳永貴,陈永贵
過谷耕史,辻谷耕史
卫奕信,衛奕信
陳訓恩,陳布雷
陈布雷,陳布雷
吴国太,吳國太
钟期荣,鍾期榮
曾國荃,曾国荃
蔡暢,蔡畅
喬冠華,乔冠华
全智贤,全智賢
宣俠父,宣侠父
吾爾開希,吾尔开希
赫蒂彻,海迪彻
陳少敏,陈少敏
譚政,谭政
譚震林,谭震林
張經武,张经武
鍾南山,钟南山
王樹聲,王树声
长井健司,長井健司
江戸川乱步,江戶川亂步
吴景,吳景
習近平,习近平
任長霞,任长霞
邵飄萍,邵飘萍
罌粟花日,國殤紀念日
國民哀悼日,國殤紀念日
停戰日,國殤紀念日
國殤日,國殤紀念日
费袆,費禕
後趙朝,赵妪
长濑智也,長瀨智也
長瀬智也,長瀨智也
藤原紀香,藤原纪香
李志勋,李志勳
詹姆斯.溫,溫子仁
蓮華生,蓮花生
超模,超級名模
名模,超級名模
左權,左权
吳孟超,吴孟超
邝友良,鄺友良
王順友,王顺友
黃昆,黄昆
錢偉長,钱伟长
黃晉發,黄晋发
橋本みゆき,橋本美雪
黃火青,黄火青
彭沖,彭冲
鍾期光,钟期光
彭小楓,彭小枫
楊無敵,杨业
草剪剛,草彅剛
耿飙,耿飚
彭麗媛,彭丽媛
肖鋼,肖钢
耶律圖欲,耶律倍
耶律托雲,耶律倍
劉子厚,刘子厚
韓先楚,韩先楚
喜顺,鮑喜順
李仙德,李仙得
姮娥,嫦娥
黄伯韬,黃百韜
樓鬱,樓郁
田壯壯,田壮壮
唐天標,唐天标
薄熙來,薄熙来
張瑞敏,张瑞敏
聶元梓,聂元梓
張瀾,张澜
朱光亞,朱光亚
馬君武,马君武
馬相伯,马相伯
宋平順,宋平顺
子游,言偃
中岛美嘉,中島美嘉
村田あゆみ,村田步
傅鐵山,傅铁山
丁光訓,丁光训
刀林蔭,刀林荫
殷誠忠,殷承宗
殷诚忠,殷承宗
載振,载振
陳叔通,陈叔通
陳友仁,陈友仁
宋時輪,宋时轮
楚霸王,项羽
蘇子美,苏舜钦
杜拾遺,杜甫
杜子美,杜甫
蘇文忠,苏轼
咎繇,皋陶
咎陶,皋陶
蘇文定,苏辙
范堯夫,范純仁
川田まみ,川田真美
公子小白,齐桓公
吳貽弓,吴贻弓
吳貽芳,吴贻芳
方永剛,方永刚
穆麟多夫,穆麟德
龍濟光,龙济光
圣白多禄,白多祿
楚後懷王,楚義帝
吉田松蔭,吉田松阴
衛鞅,商鞅
恭太子,申生
王易鳴,王䓪鳴
李梅窓,李梅窻
李香今,李梅窻
李梅窗,李梅窻
陈济棠,陳濟棠
寺沢大介,寺澤大介
觀月亞里沙,觀月亞里莎
寶野アリカ,寶野亞莉華
小清水亜美,小清水亞美
孙大炮,孫中山
中山樵,孫中山
华主席,华国锋
小林万桜,小林万樱
罗易,羅易
閔玆英,明成皇后
朴勇河,朴容夏
吳溟蒼,車保羅
喬森潘,乔森潘
丹後局,高階榮子
農謝,农谢
波帕,波尔布特
和勒博,回離保
夔离不,回離保
古尔班,回離保
天嗣,回離保
天阜,回離保
惜華生,蕭思江
有子,有若
青野 武,青野武
倉公,淳于意
陳廉伯,陈廉伯
薩鎮冰,萨镇冰
人彘,戚夫人
苏哈多,蘇哈托
榊原唯,榊原由依
大道公,保生大帝
ヤス,泰
孫藥王,孙思邈
孫天醫,孙思邈
孫葯王,孙思邈
馬丹陽,馬鈺
王喆,王重陽
王中孚,王重陽
苗栗事件,羅福星
岳武穆,岳飞
吕祖师,吕洞宾
八卦祖師,伏羲
周伯仁,周顗
朴敬嬪,敬嬪朴氏
遼德宗,耶律大石
陳舜禮,陈舜礼
曉雲法師,釋曉雲
涪翁,黃庭堅
載漪,载漪
穰侯,魏冉
陈国坤,陳國坤
丹宾坚赞,丹毕坚赞
何应钦,何應欽
柯比能,軻比能
巧姐,賈巧姐
一官,鄭芝龍
川田麻美,川田真美
殷嶠,殷开山
吴夲,保生大帝
東東,東國原英夫
長沙桓王,孙策
姬重耳,晋文公
姚重華,舜
乔瑁,橋瑁
柳时薰,柳時熏
劉李麗娟,李麗娟
冉伯牛,冉耕
日本一之兵,真田信繁
鄭培民,郑培民
兀朮,兀术
絵夢羅,繪夢羅
艾奧,伊俄
張彥明,張菲
植村宗一,直木三十五
下川みくに,下川美娜
弥诺斯,米诺斯
洪宣嬌,洪宣娇
過親八,辻親八
仲達,司马懿
张骞出塞,張騫
水戶齊昭,德川齊昭
江梅妃,江采蘋
曾家麗,尤曾家麗
楊瓊櫻,楊瓊瓔
道衍,姚廣孝
烏西雅,亞撒利雅
愛紗,千田愛紗
翁翌皇,翁翊皇
自閉天才,學者症候群
自閉性學者,學者症候群
稻恆浩,稻垣浩
關天培,关天培
西村智博,西村朋紘
関俊彦,關俊彥
阿部規秀,阿部规秀
忽必烈漢,忽必烈
金瑞馨,金瑞亨
亜城めぐ,亞城惠
田辺伊衛郎,田邊伊衛郎
王雲龍,王云龙
李赤心,李過
摩诃毗罗,笩駄摩那
陳賡,陈赓
阮文惠,阮惠
阮光平,阮惠
久保天隨,久保得二
滝沢優奈,瀧澤優奈
小林ゆう,小林優
畑亜貴,畑亞貴
内村鑑三,內村鑑三
張祐赫,张佑赫
柳敏,笛木優子
渡辺祥智,渡邊祥智
資優兒童,神童
周卫慧,卫慧
韩升洙,韓昇洙
桥下彻,橋下徹
雒翁,朱勾
雒無余,無余
茅原実里,茅原實里
李嵋,福城君
宫野志保,灰原哀
宗亶,侬宗亶
阮福單,彊柢
天魁星,宋江
天勇星,关胜
天傷星,武松
蔡時娜,蔡時那
李秀京,李水京
金慧秀,金惠秀
林百欣家族,林百欣
纪成,紀信
夏禹王,禹
美水かがみ,美水鏡
孟公威,孟建
久石譲,久石让
摩押,摩押人
林育容,林彪
忠寧大君,朝鮮世宗
陳恆輝家族,陳恆輝
戴鴻慈,戴鸿慈
废赵贵人,廢貴人趙氏
潘金莲,潘金蓮
楊資元,杨资元
郑周永,鄭周永
李劍英,李剑英
葉篤正,叶笃正
閔恩澤,闵恩泽
出雲阿國,阿國
南波瑠,波瑠
南波琉,波瑠
被俘,战俘
滕子京,滕宗諒
姚斯道,姚廣孝
维新帝,維新帝
張機,張仲景
蒼月昇,古谷徹
細川玉子,明智玉
頭山満,頭山滿
市川昆,市川崑
七瀨光,伊藤真澄
山口多闻,山口多聞
侯朝宗,侯方域
尾生抱柱,尾生
纶直,倫直
贾范,賈範
卒,军人
鄭月娥,林鄭月娥
崔東旭,崔東昱
安童夕馬,樹林伸
叶名琛,葉名琛
脱脱帖木儿,脱脱
原口証,原口證
石井朗夫,拉沙爾石井
貴由汗,贵由
蒙哥汗,蒙哥
忽必烈汗,忽必烈
使徒馬可,聖馬爾谷
爆料天王,邱毅
音宮つばさ,音宮翼
共和國衛士,共和国卫士
吉田松陰,吉田松阴
莎弗,莎孚
莎芙,莎孚
黃鎮,黄镇
陸謙,陆谦
晉安帝,晋安帝
矢神しいの,矢神椎野
三好徳三郎,三好德三郎
李之龍,李之龙
郑士良,鄭士良
杨鹤龄,楊鶴齡
夏愨,夏慤
张仁山,张经武
史拉轟,斯拉格霍恩
石橋千惠,澤口千惠
天暗星,杨志
地猖星,诸葛亮
趙奎賢,圭賢
伊娥,伊俄
柳下拓,盜跖
盗跖,盜跖
松島菜菜子,松嶋菜菜子
阪本龍一,坂本龍一
吳鞠通,吳瑭
王孟英,王士雄
盧永祥,卢永祥
張作相,张作相
岛津齐彬,島津齊彬
斎藤利三,齋藤利三
閻明復,阎明复
伍修權,伍修权
保志総一朗,保志總一朗
范鴻泰,范鸿泰
南光坊天海,天海
乔道清,乔冽
志方あきこ,志方晶子
早水リサ,早水理沙
久保宣章,久保带人
呼保義,宋江
及時雨,宋江
潘無雙,潘凤
結賀さとる,結賀理
陳昭應,清水祖師
郭聖王,廣澤尊王
苏若兰,苏蕙
苏惠,苏蕙
聖金大建,金大建
明空,武则天
木城幸人,木城雪户
溫王爺,溫府千歲
胜保,勝保
李劍閣,李剑阁
小野涼子,小野凉子
戴雨農,戴笠
李德鄰,李宗仁
白健生,白崇禧
陳辭修,陳誠
張岳軍,張群
朴龍河,朴容夏
鄧發,邓发
青面獸,杨志
時計野はり,時計野針
内田有紀,內田有紀
毛頭星,诸葛亮
劉錦棠,刘锦棠
戸松遥,戶松遙
李廣,李广
怡紅公子,賈寶玉
絳洞花王,賈寶玉
富貴閒人,賈寶玉
釘宮理恵,釘宮理惠
瀟湘妃子,林黛玉
蘅蕪君,薛寶釵
鳳辣子,王熙鳳
枕霞舊友,史湘雲
李宮裁,李紈
賢德貴妃,賈元春
朱紅燈,朱红灯
鰲拜,鳌拜
苏克萨哈,蘇克薩哈
羅亦農,罗亦农
王輔臣,王辅臣
高手,專業人士
楊亨燮,杨亨燮
仙台エリ,仙台惠理
吉見正頼,吉見正賴
毛潤之,毛泽东
郭松齡,郭松龄
広橋涼,廣橋涼
水樹奈々,水樹奈奈
石年,炎帝
于會泳,于会泳
同安侯,鄭芝龍
佩里克利斯,伯里克利
李鍾玉,李钟玉
李漢東,李汉东
唐荊川,唐順之
阮福晃,維新帝
阮福晪,保大帝
蔭昌,廕昌
段秀实,段秀實
金鈺彬,金玉彬
潘淑華,李香蘭
湯薌銘,汤芗铭
帕尔帕庭,白卜庭
朴相民,朴尚民
張大帥,张作霖
克琉斯,刻琉斯
刻勒俄斯,刻琉斯
重本ことり,重本小鳥
厦門潤,廈門潤
曾鶴峰,曾中立
北乃綺,北乃紀伊
北乃绮,北乃紀伊
牛大力,牛魔王
黃魯直,黃庭堅
樋上いたる,樋上至
草凪みずほ,草凪瑞穗
邢子才,邢邵
釋曉雲法師,釋曉雲
ひと美,一美
川瀬夏菜,川瀨夏菜
木下优树菜,木下優樹菜
捕虜,战俘
俘虏,战俘
曾滌生,曾国藩
李少荃,李鴻章
阮文绒,阮文戎
朱元晦,朱熹
朱紫陽,朱熹
朱考亭,朱熹
梁建平,梁健平
劉恩格,刘恩格
吳雙戰,吴双战
山岡榮氏,山岡榮
辻あゆみ,辻步美
夏國璋,夏國樟
萬善爺,孤魂信仰
威非路,威菲路
秦王子嬰,子婴
俞啟威,黄敬
三好绘梨香,三好繪梨香
三好絵梨香,三好繪梨香
荒木飞吕彦,荒木飛呂彥
荒木飛呂彦,荒木飛呂彥
呂祖師,吕洞宾
萨真人,萨守坚
文衡聖帝,关羽
聖貞德,聖女貞德
續范亭,续范亭
浅野りん,淺野倫
蜀汉先主,刘备
丘巴卡,丘百卡
宍戸留美,宍戶留美
海蟾子,刘海
蔣彝,蒋彝
阿玉之方,桂昌院
甘興霸,甘宁
黒田崇矢,黑田崇矢
黎公榮,黎公荣
菲莉丝,费利斯
文命,禹
放勋,尧
笑笑生,兰陵笑笑生
漢昭烈帝,刘备
陶唐,尧
伊卡罗斯,伊卡洛斯
伊阿谟巴,伊阿姆柏
俞虚江,俞大猷
李闖,李自成
姫咲りりあ,姬咲莉莉亞
馬占山,马占山
諏訪勝賴,武田勝賴
文鸯,文鴦
侯王,楊亮節
的场浩司,的場浩司
皆川纯子,皆川純子
一场靖弘,一場靖弘
一条兼定,一條兼定
一条和矢,一條和矢
丁一权,丁一權
丁儀,丁仪
丁振鐸,丁振铎
丁濟美,丁济美
丁炳权,丁炳權
鹽崎恭久,盐崎恭久
蓋尼米得,伽倪墨得斯
盛宪,盛憲
万俟丑奴,万俟醜奴
监物永三,監物永三
卢亮辉,盧亮輝
卢光义,盧光義
萬戶,万户
卢博基,盧博基
無敵金剛,岳史迪
卢均宜,盧均宜
萬表,万表
卢广伟,盧廣偉
卢曼华,盧曼華
卢植,盧植
卢毓,盧毓
卢汉,盧漢
卢秀燕,盧秀燕
卢维思,盧維思
卢华绍,盧華紹
卢藏用,盧藏用
卢铭铨,盧銘銓
卢麒,盧麒
三國人,三国人
相乐总三,相樂總三
相泽正辉,相澤正輝
相叶雅纪,相葉雅紀
相贺照乡,相賀照鄉
三川军一,三川軍一
釈由美子,釋由美子
三才图会,三才圖會
真田广之,真田廣之
真田昌辉,真田昌輝
三條實美,三条实美
三条公赖,三條公賴
三条夫人,三條夫人
真锅香织,真鍋香織
三桥加奈子,三橋加奈子
眭元进,眭元進
三浦爱佳,三浦愛佳
三浦春马,三浦春馬
三浦梧樓,三浦梧楼
三浦環,三浦环
三浦绫子,三浦綾子
三田定则,三田定則
三筆,三笔
矢作纱友里,矢作紗友里
矢尾一树,矢尾一樹
矢岛保治郎,矢島保治郎
矢田亚希子,矢田亞希子
石之轩,石之軒
石井纮基,石井紘基
石原绘理子,石原繪理子
石坂千寻,石坂千尋
石冢友二,石塚友二
石冢英藏,石塚英藏
石冢运升,石塚運昇
石守谦,石守謙
石川梨华,石川梨華
石川钦一郎,石川欽一郎
石桥亨,石橋亨
石田耀子,石田燿子
石田雨龙,石田雨龍
石評梅,石评梅
上原绫,上原綾
上官雲相,上官云相
上山满之进,上山滿之進
上杉谦信,上杉謙信
上村干久,上村幹男
上條明峰,上条明峰
上桥菜穗子,上橋菜穗子
碧也绯红,碧也緋紅
碧海純一,碧海纯一
上海幫,上海帮
矶光雄,磯光雄
矶永吉,磯永吉
矶野员昌,磯野員昌
上田龙也,上田龍也
上野千鹤子,上野千鶴子
上野树里,上野樹里
下和田裕贵,下和田裕貴
關聖恩主,关羽
下方贞清,下方貞清
下村务,下村努
祖大乐,祖大樂
祖约,祖約
與謝野馨,与谢野馨
專家,專業人士
福井謙一,福井谦一
福原香织,福原香織
福圆美里,福圓美里
福山润,福山潤
福山芳树,福山芳樹
福山辽子,福山遼子
福岛正则,福島正則
世阿彌,世阿弥
福田沙紀,福田沙纪
邵伯温,邵伯溫
柳开,柳開
禹范坤,禹範坤
姚铉,姚鉉
秀爱,秀愛
東園公,商山四皓
東山紀之,东山纪之
乙巳五贼,乙巳五賊
秋山准,秋山準
東平四傑,东平四杰
東方不敗,东方不败
秋菜裡子,秋菜里子
種家將,种家将
種師道,种师道
種諤,种谔
杜老志,杜老誌
杨亮节,楊亮節
嚴曉英,严晓英
并木法子,並木法子
秦俪舫,秦儷舫
秦開,秦开
秦德纯,秦德純
秦瓊,秦琼
秦舞阳,秦舞陽
秦钟,秦鐘
積臣,积臣
程可为,程可為
程银,程銀
稻村优奈,稻村優奈
稻叶浩志,稻葉浩志
穆闽珠,穆閩珠
积丹尼,積丹尼
仓慈,倉慈
香岱儿,香岱兒
窩闊臺,窝阔台
竇參,窦参
竇武,窦武
凰稀かなめ,凰稀要
洼之内英策,窪之內英策
窦泰,竇泰
窦纳乐,竇納樂
立木文彥,立木文彦
立花裡子,立花里子
章士钊,章士釗
汤和信俗,汤和
关公信俗,关羽
陈靖姑信俗,臨水夫人
童兆阳,童兆陽
童琮辉,童琮輝
童贯,童貫
端木赐,子贡
竹井诗织里,竹井詩織里
竹俣庆纲,竹俁慶綱
竹内顺子,竹內順子
竹冈美穗,竹岡美穗
竹清刚治,竹清剛治
竹野内丰,竹野內豐
笛木优子,笛木優子
笠井贤一,笠井賢一
笔吉纯一郎,筆吉純一郎
中居正广,中居正廣
中山彰规,中山彰規
中山庆子,中山慶子
中島今朝吾,中岛今朝吾
中島愛,中岛爱
中冈慎太郎,中岡慎太郎
中岛宏,中島宏
中岛早贵,中島早貴
中岛沙树,中島沙樹
中岛裕之,中島裕之
中岛裕翔,中島裕翔
中岛诚之助,中島誠之助
中岛辉士,中島輝士
中嶋一贵,中嶋一貴
孙皎,孫皎
中平正彦,中平正彥
中村优一,中村優一
中村千繪,中村千绘
中村爱美,中村愛美
中村纪洋,中村紀洋
中村蓝子,中村藍子
中条比纱也,中條比紗也
中江藤樹,中江藤树
中泽裕子,中澤裕子
中濑拙夫,中瀨拙夫
中田康贵,中田康貴
中田让治,中田讓治
宇文宪,宇文憲
中西升,中西昇
中路有纪,中路有紀
中钵良治,中鉢良治
丹下樱,丹下櫻
黒丸,黑丸
盘古神话,盘古
王昭君传说,王昭君
鲁班传说,鲁班
陶朱公传说,范蠡
尧的传说,尧
穆桂英传说,穆桂英
松本彩乃,新名彩乃
博學者,博学家
金兀术,兀术
黄石斋,黄道周
夏国璋,夏國樟
惠子,惠施
汪芒氏,防风氏
長狄,防风氏
耶洗别,耶洗別
高田勳,高畑勳
栗林みな実,栗林美奈實
朽木瑠亞,朽木露琪亞
赤踝牛仔,赤裸牛仔
興宣君,兴宣大院君
金希澈,希澈
李晟敏,晟敏
曹圭賢,圭賢
李柷,唐哀帝
岡島妙,岡嶋妙
河原木志穂,河原木志穗
韓蠻子,韩子高
陳光,陈光
藤原啓治,藤原啟治
瀬戸早妃,瀨戶早妃
橋本愛実,橋本愛實
張興蕙,俞小凡
前秦太宗,苻登
前秦世宗,苻健
伊瀬茉莉也,伊瀨茉莉也
韓東方,韩东方
姬軒轅,黄帝
晉世宗,司馬師
李弘皋,李宏皋
周曷朱,石周曷朱
後趙世宗,石周曷朱
天齊神,東嶽大帝
嬴益,伯益
青樹佑夜,樹林伸
吳惠蘭,劉吳惠蘭
斎藤工,齋藤工
傅士仁,士仁
帕爾普廷,白卜庭
颜无繇,顏無繇
亞也,木藤亞也
関口知宏,關口知宏
高野長雄,孫中山
孫中山先生,孫中山
宋宣祖,趙弘殷
吳文帝,孫和
塚田攻,冢田攻
馮子才,冯子才
水沢奈子,水澤奈子
清景祖,覺昌安
於志賀,豐儉院
阮福明,咸宜帝
深徳院,深德院
楊靖宇,杨靖宇
青柳塁斗,青柳壘斗
崇山禪師,崇山行願
黒田洋介,黑田洋介
恒松あゆみ,恒松步
豊永利行,豐永利行
关尹,尹喜
華蜀君,明升
康親王傑書,傑書
端華,端华
秦三世,子婴
上官鼎,劉兆玄
秋篠宮悠仁,悠仁親王
史太君,賈母
毓喦,毓嵒
高山みなみ,高山南
齋藤ヤスカ,齋藤康嘉
吳武烈帝,孙坚
吳廢帝,孫亮
平坂読,平坂讀
黒河奈美,黑河奈美
木村亜希子,木村亞希子
崇憲皇后,高英
陈硕贞,陳碩真
佐藤文子,佐藤文也
田村亮子,谷亮子
小桜エツ子,小櫻悅子
詩俠,李白
藤村歩,藤村步
宫泽梨绘,宮澤理惠
秦子嬰,子婴
晁衡,阿倍仲麻呂
蕭幹,回離保
萧干,回離保
鄭芝鳳,鄭鴻逵
毛澤東主席,毛泽东
邵谒,邵謁
南条爱乃,南條愛乃
米蒂亚,美狄亞
苏则,蘇則
米諾斯,米诺斯
立花义家,立花義家
米庞仁波切,米龐仁波切
张峰奇,張峰奇
刘驾,劉駕
高诱,高誘
時少章,时少章
阿尔戈英雄,阿爾戈英雄
吕祉,呂祉
精衛填海,精卫
糟屋武则,糟屋武則
纪俊麟,紀俊麟
纪信,紀信
紀瞻,纪瞻
納西魯丁,纳斯尔丁
細田博之,细田博之
織田干雄,织田干雄
紹爾兄妹,朔尔兄妹
絳央卻傑,绛央却杰
維新三傑,维新三杰
綠川英子,绿川英子
繆斌,缪斌
羅一民,罗一民
羅蘭夫人,罗兰夫人
羅大經,罗大经
羅孝全,罗孝全
ト字高雄,卜字高雄
羅真人,罗真人
羅策群,罗策群
羅綸,罗纶
羅藝,罗艺
羅芳伯,罗芳伯
羅鍾一,罗钟一
置鲇龙太郎,置鮎龍太郎
罗一贯,羅一貫
罗世幸,羅世幸
罗仁成,羅仁成
罗仲荣,羅仲榮
罗俊毅,羅俊毅
罗保,羅保
罗健铭,羅健銘
罗卓英,羅卓英
罗友伦,羅友倫
罗国璋,羅國璋
罗川真里茂,羅川真里茂
罗得,羅得
罗志恩,羅志恩
罗志明,羅志明
罗旭龢,羅旭龢
罗景壬,羅景壬
罗松永,羅松永
罗森堡夫妇,羅森堡夫婦
罗荣焜,羅榮焜
罗永年,羅永年
罗汝才,羅汝才
罗汝芳,羅汝芳
罗波安,羅波安
罗浩楷,羅浩楷
罗淑蕾,羅淑蕾
罗福助,羅福助
罗福星,羅福星
罗美洛,羅美洛
罗若安,羅若安
罗范椒芬,羅范椒芬
罗锦龙,羅錦龍
罗云平,羅雲平
罗马的黑马,羅馬的黑馬
美树本晴彦,美樹本晴彥
美水镜,美水鏡
美浓部达吉,美濃部達吉
美空云雀,美空雲雀
美竹凉子,美竹涼子
义姬,義姬
羽柴秀胜,羽柴秀勝
羽根直樹,羽根直树
翁启惠,翁啟惠
翁执中,翁執中
翁山苏姬,翁山蘇姬
翁彦约,翁彥約
翁丰堉,翁豐堉
翟方进,翟方進
埃提斯,埃厄忒斯
莫奈劳斯,墨涅拉俄斯
耶律铸,耶律鑄
耿纪,耿紀
聶師道,聂师道
聶海勝,聂海胜
聶赤贊普,聂赤赞普
埃俄洛斯,埃俄罗斯
圣司提反,聖斯德望
圣安德烈,安得烈
圣教三柱石,聖教三柱石
圣马太,馬太
圣马尔谷,聖馬爾谷
闻仲,聞仲
聂壹,聶壹
聂夷中,聶夷中
聂政,聶政
胡義周,胡义周
胡传,胡傳
胡君榮,胡君荣
胡宗憲,胡宗宪
胡润百富榜,胡潤百富榜
胡玉缙,胡玉縉
胡竣杰,胡竣傑
胡纮,胡紘
胡综,胡綜
胡义宾,胡義賓
胡诺言,胡諾言
胡賜道,胡赐道
胡車兒,胡车儿
胡銓,胡铨
胡长豪,胡長豪
胡鸿烈,胡鴻烈
能条纯一,能條純一
脫脫,脱脱
卧龙生,臥龍生
臧紆青,臧纡青
临水夫人,臨水夫人
赵正平,趙正平
台与,臺與
兴梠里美,興梠里美
舞风昌宏,舞風昌宏
色延迪尔,其延迪爾
艾格诺尔,艾格諾爾
艾尔敦,艾爾敦
艾里奥,艾里奧
蘆原妃名子,芦原妃名子
蘆田均,芦田均
芬巩,芬鞏
花冈一郎,花岡一郎
花泽香菜,花澤香菜
芹泽鸭,芹澤鴨
蘇緘,苏缄
蘇門四學士,苏门四学士
苗学礼,苗學禮
若本规夫,若本規夫
若槻礼次郎,若槻禮次郎
英灵战士,英靈戰士
范樂成,范乐成
範文程,范文程
範文虎,范文虎
范时绎,范時繹
範本梁,范本梁
范築先,范筑先
范纯仁,范純仁
范質,范质
范達人,范达人
范欽,范钦
范長生,范长生
茅元儀,茅元仪
茅原实里,茅原實里
珀琉斯,佩琉斯
茗煙,茗烟
茶风林,茶風林
荀悅,荀悦
荀谌,荀諶
草川为,草川為
草彅刚,草彅剛
草野博纪,草野博紀
草野大辅,草野大輔
荒木經惟,荒木经惟
藥師兜,药师兜
莉亚公主,莉亞公主
莉布絲公主,莉布丝公主
庄俊彦,莊俊彥
庄吉发,莊吉發
庄和子,莊和子
庄宏亮,莊侑霖
庄淇铭,莊淇銘
庄淑芬,莊淑芬
庄汉杰,莊漢傑
庄烈愍皇后,莊烈愍皇后
庄玮全,莊瑋全
庄秋雄,莊秋雄
庄翰生,莊翰生
庄蹻,莊蹻
庄锡舍,莊錫舍
庄陈有,莊陳有
莫子純,莫子纯
鶯兒,莺儿
菅義偉,菅义伟
菊池俊辅,菊池俊輔
华伦提努,華倫提努
华加志,華加志
华原朋美,華原朋美
华廙,華廙
华廷锡,華廷錫
华爱,華愛
华月,華月
蕭伯芝,萧伯芝
蕭同茲,萧同兹
蕭寶夤,萧宝夤
蕭摩訶,萧摩诃
蕭毅肅,萧毅肃
薩卡加維亞,萨卡加维亚
薩守堅,萨守坚
薩都剌,萨都剌
薩頂頂,萨顶顶
万墨林,萬墨林
万式炯,萬式炯
万德祥,萬德祥
万福麟,萬福麟
叶仁昌,葉仁昌
叶刘淑仪,葉劉淑儀
叶君璋,葉君璋
叶梦得,葉夢得
叶子轩,葉子軒
叶宏甲,葉宏甲
叶山嘉树,葉山嘉樹
叶德利,葉德利
叶志成,葉志成
叶宪修,葉憲修
叶月绘理乃,葉月繪理乃
叶武台,葉武台
叶清臣,葉清臣
叶汉,葉漢
叶菊兰,葉菊蘭
叶咏捷,葉詠捷
叶长龙,葉長龍
叶雅媛,葉雅媛
叶非比,葉非比
叶鸟螺子,葉鳥螺子
叶凤娟,葉鳳娟
葛胜仲,葛勝仲
董志宁,董志寧
董賢,董贤
蒂普蘇丹,蒂普苏丹
蔣春霖,蒋春霖
蔣玉菡,蒋玉菡
蔣翊武,蒋翊武
蒙驁,蒙骜
蒲寿庚,蒲壽庚
蒲生氏乡,蒲生氏鄉
盖文达,蓋文達
盛丕華,盛丕华
藍志一,蓝志一
莲花生,蓮花生
蔡侯齐,蔡侯齊
蔡天铎,蔡天鐸
蔡孝干,蔡孝乾
蔡建伟,蔡建偉
蔡明晋,蔡明晉
蔡昱详,蔡昱詳
蔡时那,蔡時那
蔡濟民,蔡济民
蔡浩梁,蔡浩樑
蔡生丰,蔡生豐
蔡登龙,蔡登龍
蔡繼琨,蔡继琨
蔡贞安,蔡貞安
蔡铃兰,蔡鈴蘭
蔡陈葆心,蔡陳葆心
蔡灵侯,蔡靈侯
蒋世豪,蔣世豪
蒋光鼐,蔣光鼐
蒋卓乐,蔣卓樂
蒋奇,蔣奇
蒋子文,蔣子文
蒋宋美龄,宋美齡
蒋德璟,蔣德璟
蒋志伟,蔣志偉
蒋方智怡,蔣方智怡
蒋浚明,蔣浚明
蒋渭水,蔣渭水
蒋济,蔣濟
蒋百里,蔣百里
蒋义渠,蔣義渠
蒋臣,蔣臣
蒋英实,蔣英實
蒋鼎文,蔣鼎文
萧任汶,蕭任汶
萧山令,蕭山令
萧平实,蕭平實
萧思江,蕭思江
佐久間レイ,佐久間玲
萧炯柱,蕭炯柱
萧白镛,蕭白鏞
萧美琴,蕭美琴
萧耀南,蕭耀南
萧苑瑜,蕭苑瑜
萧若元,蕭若元
萧金兰,蕭金蘭
薛姨媽,薛姨妈
薛寶琴,薛宝琴
薛综,薛綜
薛颐,薛頤
萨比家,薩比家
萨空鲍,薩空鮑
藪宏太,薮宏太
蓝成春,藍成春
蓝染惣右介,藍染惣右介
蓝美津,藍美津
艺声,藝聲
藤原可可亚,藤原可可亞
藤原启治,藤原啟治
藤原道长,藤原道長
藤原飞吕,藤原飛呂
藤原龙也,藤原龍也
藤冈信胜,藤岡信勝
藤崎龙,藤崎龍
藤枝静男,藤枝靜男
藤澤亨,藤泽亨
藤异秀明,藤異秀明
藤谷美纪,藤谷美紀
藤野嚴九郎,藤野严九郎
药师丸博子,藥師丸博子
薮内优,藪內優
薮惠壹,藪惠壹
薮田安彦,藪田安彥
芦名义广,蘆名義廣
苏凌峰,蘇凌峰
苏勗,蘇勗
苏峻,蘇峻
苏志燮,蘇志燮
苏庆黎,蘇慶黎
苏新,蘇新
苏易简,蘇易簡
苏治芬,蘇治芬
苏洪月娇,蘇洪月嬌
苏海文,蘇海文
苏炳文,蘇炳文
苏琼,蘇瓊
苏由,蘇由
苏绍连,蘇紹連
苏绰,蘇綽
苏联总统,蘇聯總統
苏过,蘇過
苏震西,蘇震西
苏飞,蘇飛
虎岛和夫,虎島和夫
虞嘯父,虞啸父
虞聳,虞耸
蜂须贺家政,蜂須賀家政
波风水门,波風湊
波風皆人,波風湊
波風皆仁,波風湊
莫邪,干將莫邪
干将,干將莫邪
干將與莫邪,干將莫邪
卫斯理家族,衛斯理家族
衣笠貞之助,衣笠贞之助
袁乃宽,袁乃寬
袁仲賢,袁仲贤
袁则留,袁則留
袁国勇,袁國勇
袁家騮,袁家骝
袁弥明,袁彌明
袁应泰,袁應泰
袁涣,袁渙
袁毂,袁轂
袁遗,袁遺
裴延龄,裴延齡
裴文軒,裴文轩
裴行俨,裴行儼
褚志远,褚志遠
褚渊,褚淵
褚輔成,褚辅成
渡辺久美子,渡邊久美子
西尾维新,西尾維新
西冈刚,西岡剛
西川满,西川滿
西村壽行,西村寿行
西村朋纮,西村朋紘
西村雅彦,西村雅彥
西泽立卫,西澤立衛
智伯,荀瑶
西乡从道,西鄉從道
西雅圖酋長,西雅图酋长
要润,要潤
观月亚里莎,觀月亞里莎
角田觉治,角田覺治
解缙,解縉
言百谦,言百謙
计有功,計有功
许不了,許不了
许世贤,許世賢
许京宁,許京寧
许人介,許人介
许僖公,許僖公
许元公,許元公
许克祥,許克祥
许可琼,許可瓊
许国隆,許國隆
许培育,許培育
许尧佐,許堯佐
许子根,許子根
许定国,許定國
许峰宾,許峰賓
许崇智,許崇智
许庄公,許庄公
许张爱帘,許張愛簾
许志华,許志華
许怡才,許怡才
许悼公,許悼公
许攸,許攸
许文公,許文公
许文雄,許文雄
许斐刚,許斐剛
许新枝,許新枝
许昭公,許昭公
许昭荣,許昭榮
许柳,許柳
许桓公,許桓公
许荣淑,許榮淑
许历农,許歷農
许浚,許浚
许海清,許海清
许登宫,許登宮
许穆公,許穆公
许竹见,許竹見
许纯美,許純美
许素叶,許素葉
许绍雄,許紹雄
许翰,許翰
许英兰,許英蘭
许志为,許誌為
许贡,許貢
许远东,許遠東
许钟碧霞,許鍾碧霞
许长青,許長青
许闵岚,許閔嵐
许灵公,許靈公
许靖,許靖
该隐,該隱
詹启贤,詹啟賢
詹益桦,詹益樺
詹逊,詹遜
调皮鬼,調皮鬼
诹访御料人,諏訪御料人
诹访部顺一,諏訪部順一
谏山春树,諫山春樹
谌重,諶重
诸葛乔,諸葛喬
诸葛均,諸葛均
诸葛玄,諸葛玄
诸葛融,諸葛融
诸葛诞,諸葛誕
诸葛长民,諸葛長民
诺丹妮尔,諾丹妮爾
谢介石,謝介石
谢在全,謝在全
谢德谦,謝德謙
谢承勋,謝承勳
谢春木,謝南光
谢朗,謝朗
谢东闵,謝東閔
谢欣霓,謝欣霓
谢永常,謝永常
谢发达,謝發達
谢章捷,謝章捷
谢美惠,謝美惠
谢肇齐,謝肇齊
谢万,謝萬
谢薖,謝薖
谢贵,謝貴
谢长亨,謝長亨
谭伯源,譚伯源
谭信民,譚信民
谭凯邦,譚凱邦
谭小环,譚小環
谭尚渭,譚尚渭
谭惠珠,譚惠珠
谭文,譚文
谭祥,譚祥
谭绍光,譚紹光
谭处端,譚處端
讓德句,让德句
許光達,许光达
許壽裳,许寿裳
許承堯,许承尧
許文遠,许文远
許昂,许昂
許望,许望
許由,许由
許還幻,许还幻
許遜,许逊
詩琳通公主,诗琳通公主
諸葛尚,诸葛尚
謝冰瑩,谢冰莹
謝安,谢安
謝尚,谢尚
謝志望,谢志望
謝混,谢混
謝玄,谢玄
謝耿民,谢耿民
譚人鳳,谭人凤
譚厚蘭,谭厚兰
譚寧邦,谭宁邦
譚家述,谭家述
譚平山,谭平山
譚維維,谭维维
谷內伸也,谷内伸也
谷內正太郎,谷内正太郎
谷山纪章,谷山紀章
谷山丰,谷山豐
谷正倫,谷正伦
豆钉兔,豆釘兔
丰俭院,豐儉院
丰原功补,豐原功補
丰原里美,蔣里美
丰口惠,豐口惠
丰存芳,豐存芳
丰川悦司,豐川悅司
丰永利行,豐永利行
丰田佐吉,豐田佐吉
丰田实,豐田實
丰稷,豐稷
丰臣秀赖,豐臣秀賴
丰臣秀长,豐臣秀長
丰锹入姬命,豐鍬入姬命
豫让,豫讓
猪口有佳,豬口有佳
贝里达,貝里達
贡敏,貢敏
贯休,貫休
费无忌,費無忌
费纳芬,費納芬
费诺,費諾
贺一龙,賀一龍
贺人龙,賀人龍
贺定一,賀定一
贺循,賀循
贺东招二,賀東招二
贺维,賀維
贺维珍,賀維珍
贺若弼,賀若弼
贺茂真渊,賀茂真淵
贺邵,賀邵
贺齐,賀齊
贾惜春,賈惜春
贾探春,賈探春
贾母,賈母
贾珍,賈珍
贾迎春,賈迎春
贱岳七本枪,賤岳七本槍
赖俊男,賴俊男
赖名汤,賴名湯
赖幸媛,賴幸媛
赖恭,賴恭
赖慕布,賴慕布
赖晚钟,賴晚鐘
赖汉英,賴漢英
赖绍尧,賴紹堯
赖声川,賴聲川
赖英照,賴英照
赖鼎铭,賴鼎銘
赛尚阿,賽尚阿
赞宁,贊寧
貞本義行,贞本义行
費俊龍,费俊龙
費信惇,费信惇
費利斯,费利斯
費英東,费英东
費觀,费观
賈代儒,贾代儒
賈蘭,贾兰
賈島,贾岛
賈政,贾政
賈敬,贾敬
賈環,贾环
賈珠,贾珠
賈璉,贾琏
賈琮,贾琮
賈芸,贾芸
賈芹,贾芹
賈菌,贾菌
賈蓉,贾蓉
賈薔,贾蔷
賈詡,贾诩
賈赦,贾赦
賈雨村,贾雨村
賴尚榮,赖尚荣
賽金花,赛金花
赤城德彥,赤城德彦
赤拉尼維,赤拉尼维
赫尔南勒兹,赫爾南勒茲
赫費斯提翁,赫费斯提翁
趙一曼,赵一曼
趙與時,赵与时
趙侗,赵侗
趙信,赵信
趙升,赵升
趙南哲,赵南哲
趙聲,赵声
趙天麟,赵天麟
趙太侔,赵太侔
趙嫗,赵妪
趙姨娘,赵姨娘
趙威后,赵威后
趙家蓀,赵家荪
趙師秀,赵师秀
趙思綰,赵思绾
趙恆惕,赵恒惕
趙括,赵括
趙振東,赵振东
趙文華,赵文华
趙汝適,赵汝适
趙洪文國,赵洪文国
趙率教,赵率教
趙盾,赵盾
趙紫宸,赵紫宸
趙綰,赵绾
趙藩,赵藩
趙衰,赵衰
趙貴,赵贵
趙長青,赵常青
超级名模,超級名模
赵冬曦,趙冬曦
赵叡,趙叡
赵可怀,趙可懷
赵奢,趙奢
赵守博,趙守博
赵家骧,趙家驤
赵寅成,趙寅成
赵少昂,趙少昂
赵庶,趙庶
赵广,趙廣
赵弘殷,趙弘殷
赵德明,趙德明
赵德昭,趙德昭
赵志华,趙志華
赵应春,趙應春
赵成珉,趙成珉
赵抃,趙抃
赵明诚,趙明誠
赵昱,趙昱
赵普胜,趙普勝
赵汝愚,趙汝愚
赵汝腾,趙汝騰
赵尔巽,趙爾巽
赵玉平,趙玉平
赵粹中,趙粹中
赵统,趙統
赵聚钰,趙聚鈺
赵胤熙,趙胤熙
赵良栋,趙良棟
赵良燕,趙良燕
赵蕃,趙蕃
赵观涛,趙觀濤
赵镛基,趙鏞基
赵显宰,趙顯宰
赵丽云,趙麗雲
赵鼎臣,趙鼎臣
足利直义,足利直義
足利义清,足利義清
跋锋寒,跋鋒寒
车保罗,車保羅
车公,車公
车冑,車冑
车太铉,車太鉉
车淑梅,車淑梅
车范根,車範根
轲比能,軻比能
载勋,載勛
载垣,載垣
载宁龙二,載寧龍二
载澜,載瀾
車敏洙,车敏洙
載洵,载洵
辛评,辛評
辻亲八,辻親八
達那埃,达那厄
近藤真彥,近藤真彦
遠藤武彥,远藤武彦
迪奥塞斯,迪奧塞斯
逢紀,逢纪
连凯,連凱
连尹襄老,連尹襄老
连温卿,連溫卿
连震东,連震東
进藤尚美,進藤尚美
游佐浩二,遊佐浩二
运庆,運慶
达比修有,達比修有
达素,達素
远山和叶,遠山和葉
远藤保仁,遠藤保仁
远藤幸雄,遠藤幸雄
远藤正明,遠藤正明
远藤淑子,遠藤淑子
远藤绫,遠藤綾
鄧禹,邓禹
鄧章欽,邓章钦
鄧茂七,邓茂七
鄧超,邓超
鄺健人,邝健人
邢岫煙,邢岫烟
邢榮傑,邢荣杰
那州雪绘,那州雪繪
那须与一,那須與一
邱仕丰,邱仕豐
邱君强,邱君強
邱福龙,邱福龍
邱议莹,邱議瑩
邱连辉,邱連輝
邵传勇,邵傳勇
邵铭高,邵銘高
鄒衍,邹衍
鄭其貴,郑其贵
鄭律成,郑律成
鄭成美,郑成美
鄭文寶,郑文宝
鄭明勛,郑明勋
鄭夢周,郑梦周
鄭注,郑注
鄭石岩,郑石岩
鄭虎臣,郑虎臣
郗昙,郗曇
郗鑒,郗鉴
郝经,郝經
郝鵬舉,郝鹏举
郝龙斌,郝龍斌
酈道元,郦道元
郭從謙,郭从谦
郭严文,郭嚴文
郭国基,郭國基
郭图,郭圖
郭寄峤,郭寄嶠
郭嵩阳,郭嵩陽
郭从义,郭從義
郭怀一,郭懷一
郭荣宗,郭榮宗
郭荣振,郭榮振
郭荣赵,郭榮趙
郭添财,郭添財
郭无为,郭無為
郭祿大,郭禄大
郭蝦蟆,郭虾蟆
郭锡瑠,郭錫瑠
乡田穗积,鄉田穗積
邹丹,鄒丹
邹普胜,鄒普勝
邹洪,鄒洪
邹鲁,鄒魯
鄚天赐,鄚天賜
邓亮洪,鄧亮洪
邓俊安,鄧俊安
韋玉,韋寶珊
渕崎ゆり子,淵崎有里子
鹿賀ミツル,鹿賀滿
葉月絵理乃,葉月繪理乃
李孝貞,李孝贞
柳瀨夏美,柳瀨洋美
吴庭儒,吴廷瑈
李福達案,李福達
千葉進歩,千葉進步
佩透斯,珀透斯
贾元春,賈元春
漢趙高祖,劉淵
邓宝珊,鄧寶珊
邓廷桢,鄧廷楨
邓特希,鄧特希
邓符协,鄧符協
邓芝,鄧芝
邓莲如,鄧蓮如
邓训,鄧訓
邓通,鄧通
郑丁旺,鄭丁旺
郑介民,鄭介民
郑克塽,鄭克塽
郑克𡒉,鄭克𡒉
郑可学,鄭可學
郑培富,鄭培富
郑梦准,鄭夢準
郑大世,鄭大世
郑天华,鄭天華
郑孝胥,鄭孝胥
郑建国,鄭建國
郑明析,鄭明析
郑明训,鄭明訓
郑东泳,鄭東泳
郑楷,鄭楷
郑荣兴,鄭榮興
郑水枝,鄭水枝
郑汝芬,鄭汝芬
郑洞国,鄭洞國
郑海泉,鄭海泉
郑清文,鄭清文
郑浑,鄭渾
郑汉礼,鄭漢禮
郑为元,鄭為元
郑用锡,鄭用錫
郑省英,鄭省英
郑经,鄭經
郑美兰,鄭美蘭
郑芝虎,鄭芝虎
郑兰贞,鄭蘭貞
郑诗君,鄭詩君
郑贵莲,鄭貴蓮
郑还古,鄭還古
郑金玲,鄭金玲
郑颢,鄭顥
郑鸿猷,鄭鴻猷
郑鸿逵,鄭鴻逵
郑丽君,鄭麗君
郑丽媛,鄭麗媛
郑丽文,鄭麗文
郑龙水,鄭龍水
邝佐辉,鄺佐輝
邝其志,鄺其志
邝丽贞,鄺麗貞
郦琼,酈瓊
郦食其,酈食其
酒井兵库,酒井兵庫
医和,醫和
释广德,釋廣德
释晓云,釋曉雲
释由美子,釋由美子
释证严,釋證嚴
里脇浅次郎,里脇淺次郎
重本小鸟,重本小鳥
重松花鸟,重松花鳥
野中廣務,野中广务
野中蓝,野中藍
野利旺榮,野利旺荣
野原广志,野原廣志
野坂浩賢,野坂浩贤
野岛健儿,野島健兒
野岛裕史,野島裕史
野村万斋,野村萬齋
野田顺子,野田順子
金亚中,金亞中
金仲華,金仲华
金俊燁,金俊烨
金胜友,金勝友
金咤,金吒
金喜爱,金喜愛
金聖愛,金圣爱
金培达,金培達
金妍儿,金妍兒
金宣儿,金宣兒
金方庆,金方慶
金無怠,金无怠
金东进,金東進
金树仁,金樹仁
金泳镇,金泳鎮
金潤心,金润心
金溥聪,金溥聰
金泽文子,金澤文子
金燦榮,金灿荣
金炳贤,金炳賢
金环三结,金環三結
金田一春彥,金田一春彦
金益鉉,金益铉
金碩洙,金硕洙
金禕,金祎
金声桓,金聲桓
金榮,金荣
金贤姬,金賢姬
金贤珠,金賢珠
金载圭,金載圭
金载沅,金載沅
金镒喆,金一哲
金釧,金钏
金鎰吉,金一哲
北島冀子雄,北島驥子雄
金开英,金開英
金凤男,金鳳男
铃木一朗,鈴木一朗
铃木享明,鈴木享明
铃木京香,鈴木京香
铃木保奈美,鈴木保奈美
铃木光司,鈴木光司
铃木千寻,鈴木千尋
铃木园子,鈴木園子
铃木大拙,鈴木大拙
铃木央绍,鈴木央紹
铃木弓子,鈴木弓子
铃木爱理,鈴木愛理
铃木敏夫,鈴木敏夫
铃木敏文,鈴木敏文
铃木杏,鈴木杏
铃木直,鈴木直
铃木真仁,鈴木真仁
铃木庄六,鈴木莊六
铃木裕树,鈴木裕樹
铃木诚,鈴木誠
铃木贯太郎,鈴木貫太郎
铃木达央,鈴木達央
铃木重秀,鈴木重秀
铃木麻里子,鈴木麻里子
铃村健一,鈴村健一
铃置洋孝,鈴置洋孝
银河万丈,銀河萬丈
银河行,銀河行
银赫,銀赫
钱伦体,錢倫體
钱公辅,錢公輔
钱嘉征,錢嘉徵
钱忱,錢忱
钱思亮,錢思亮
钱振锽,錢振鍠
钱林慧君,錢林慧君
钱果丰,錢果豐
钱端礼,錢端禮
钱薇娟,錢薇娟
错枝,錯枝
键本辉,鍵本輝
钟世杰,鍾世傑
钟家宝,鍾家寶
钟懿芳,鍾懿芳
钟承佑,鍾承佑
钟荣峰,鍾榮峰
钟毓,鍾毓
钟理和,鍾理和
钟耀光,鍾耀光
钟离嘉,鍾離嘉
钟离昧,鍾離昧
钟离牧,鍾離牧
钟灵毓,鍾靈毓
铁扇公主,鐵扇公主
铁炮冢叶子,鐵炮塚葉子
铁铉,鐵鉉
鍾明善,钟明善
鍾謨,钟谟
欽本立,钦本立
錢壯飛,钱壮飞
錢徽,钱徽
錢肅樂,钱肃乐
錢能訓,钱能训
鈴木宗作,铃木宗作
銚期,铫期
鐮倉圭,镰仓圭
长原成树,長原成樹
长尾大,長尾大
长冈辉子,長岡輝子
长嶋茂雄,長嶋茂雄
长州小力,長州小力
长泽奈央,長澤奈央
长濑爱,長瀨愛
长谷川启介,長谷川啟介
长谷川清,長谷川清
长谷川滋利,長谷川滋利
长谷川町子,長谷川町子
长谷川秀一,長谷川秀一
长谷川等伯,長谷川等伯
长谷川逸子,長谷川逸子
长谷川集平,長谷川集平
长野博,長野博
长野诚,長野誠
長媽媽,长妈妈
長屋王,长屋王
長平公主,长平公主
闪,閃姆
开高健,開高健
闵纯,閔純
闽中十才子,閩中十才子
阎慧卿,閻慧卿
阎应元,閻應元
阎振兴,閻振興
阎柔,閻柔
阎毗,閻毗
阙壮镇,闕壯鎮
阙宣,闕宣
阙树木,闕樹木
关俊彦,關俊彥
关劲松,關勁松
关勉,關勉
关口宏,關口宏
关口知宏,關口知宏
关家良一,關家良一
关平,關平
关智一,關智一
瑟茜,喀耳刻
关翠杏,關翠杏
关兴,關興
关菁,關菁
关靖,關靖
阚维雍,闞維雍
門倉聰,门仓聪
間宮林藏,间宫林藏
閔一得,闵一得
閔損,闵损
閔智亭,闵智亭
閻婆惜,阎婆惜
閻立,阎立
閻行,阎行
閻象,阎象
閻迦勒,阎迦勒
坂口大助,阪口大助
阮小仪,阮小儀
阮庆,阮慶
阮文绍,阮文紹
阮玉壽,阮玉寿
阮玉湾,阮玉鸞
阮阅,阮閱
阿亚梅,阿亞梅
阿凱,阿凯
阿利乌,阿利烏
阿史那社爾,阿史那社尔
阿国,阿國
阿布赉,阿布賚
阿拉乌苏,阿拉烏蘇
阿散井恋次,阿散井戀次
阿会喃,阿會喃
阿涅莱维奇,阿涅萊維奇
阿羅本,阿罗本
阿萨格哈尔,阿薩格哈爾
阿部宽,阿部寬
阿部贞夫,阿部貞夫
阿鲁台,阿魯台
陸仲亨,陆仲亨
陸建章,陆建章
陸志鴻,陆志鸿
陸登,陆登
陸績,陆绩
陳中凡,陈中凡
陳仁炳,陈仁炳
陳介,陈介
陳仲金,陈仲金
陳作新,陈作新
陳元康,陈元康
陳公培,陈公培
陳則信,陈则信
陳匪石,陈匪石
陳國砥,陈国砥
陳垣,陈垣
陳安寶,陈安宝
陳屺懷,陈屺怀
陳慶炎,陈庆炎
陳志朋,陈志朋
陳摶,陈抟
陳掖賢,陈掖贤
陳攖寧,陈撄宁
陳時驥,陈时骥
陳昌浩,陈昌浩
陳昭禮,陈昭礼
陳楠,陈楠
陳濟,陈济
陳渠珍,陈渠珍
陳璉,陈琏
陳璘,陈璘
陳禎祿,陈祯禄
陳蕃,陈蕃
陳諶,陈谌
陳錦濤,陈锦涛
陳長捷,陈长捷
阴子春,陰子春
陈世斌,陳世斌
陈亭妃,陳亭妃
陈仲民,陳仲民
陈杰儒,陳傑儒
陈光荣,陳光榮
陈克帆,陳克帆
陈卓愉,陳卓愉
陈友定,陳友定
陈友彬,陳友彬
陈周全,陳周全
陈启礼,陳啟禮
陈善谦,陳善謙
陈嘉宏,陳嘉宏
陈执信,陳執信
陈士骏,陳士駿
陈大庆,陳大慶
陈大顺,陳大順
陈如祈,陳如祈
陈威成,陳威成
陈婉娴,陳婉嫻
陈婉珍,陳婉珍
陈婉真,陳婉真
陈子升,陳子升
陈子壮,陳子壯
陈子褒,陳子褒
陈学圣,陳學聖
陈安莹,陳安瑩
陈宓,陳宓
陈宗甫,陳宗甫
陈家鸿,陳家鴻
陈宝辕,陳寶轅
陈少琪,陳少琪
陈峰民,陳峰民
陈希亮,陳希亮
陈延,陳延
陈建一,陳建一
陈建辅,陳建輔
陈建铭,陳建銘
陈志彬,陳志彬
陈志云,陳志雲
陈忠和,陳忠和
陈怡安,陳怡安
陈恒辉,陳恆輝
陈爱薇,陳愛薇
陈慥,陳慥
陈慧坤,陳慧坤
陈宪章,陳憲章
陈怀山,陳懷山
陈扬凯,陳揚凱
陈政贤,陳政賢
陈文杞,陳文杞
陈文宾,陳文賓
陈文龙,陳文龍
陈昭颖,陳昭穎
陈智思,陳智思
陈东腾,陳東騰
陈梯,陳梯
陈永,陳永
陈永命,陳永命
陈永棋,陳永棋
陈江和,陳江和
陈泮岭,陳泮嶺
陈洽,陳洽
陈浩南,陳浩南
陈淑庄,陳淑莊
陈清宝,陳清寶
陈泽宪,陳澤憲
陈济恒,陳濟恒
陈燊龄,陳燊齡
陈玉梅,陳玉梅
陈玉莲,陳玉蓮
陈琦丰,陳琦豐
陈瑞昌,陳瑞昌
陈瑞钿,陳瑞鈿
陈甲龙,陳甲龍
陈登,陳登
陈发枝,陳發枝
陈真荣,陳真榮
陈矫,陳矯
陈硕真,陳碩真
陈福裕,陳福裕
陈秀卿,陳秀卿
陈秋盛,陳秋盛
陈秋菊,陳秋菊
陈立志,陳立志
陈节如,陳節如
陈绍堂,陳紹堂
陈绍宽,陳紹寬
陈继之,陳繼之
陈美玉,陳美玉
陈肇敏,陳肇敏
陈肇兴,陳肇興
陈致中,陳致中
陈与义,陳與義
陈兴道,陳興道
陈舜俞,陳舜俞
陈良,陳良
陈若曦,陳若曦
陈茂波,陳茂波
陈菊,陳菊
陈华宗,陳華宗
陈兰,陳蘭
陈衍,陳衍
陈衷纪,陳衷紀
陈该发,陳該發
陈豨,陳豨
陈银河,陳銀河
陈铭枢,陳銘樞
陈铕显,陳銪顯
陈雅伦,陳雅倫
陈雪屏,陳雪屏
陈香梅,陳香梅
陈骞,陳騫
陈鸿鸣,陳鴻鳴
陈丽惠,陳麗惠
李准基,李準基
李俊基,李準基
黑乃奈奈绘,黑乃奈奈繪
宮崎寅藏,宮崎滔天
陈丽敏,陳麗敏
陈丽春,陳麗春
陈丽贞,陳麗貞
陶希聖,陶希圣
陆九龄,陸九齡
陆佑楣,陸佑楣
陆小凤,陸小鳳
陆恭蕙,陸恭蕙
陆文声,陸文聲
陆永权,陸永權
阳介仁,陽介仁
阳东益,陽東益
雍闿,雍闓
双忠,雙忠
杂贺孙市,雜賀孫市
雪乃纱衣,雪乃紗衣
雷句诚,雷句誠
雷經天,雷经天
霍啟,霍启
霍殿閣,霍殿阁
青山黛玛,青山黛瑪
青木广彰,青木廣彰
青柳垒斗,青柳壘斗
静御前,靜御前
非马,非馬
靳曾珍丽,靳曾珍麗
韦俊,韋俊
韦光,韋光
韦执谊,韋執誼
韦奇立,韋奇立
韦家雄,韋家雄
韦宝珊,韋寶珊
韦晃,韋晃
韦云淞,韋雲淞
韦骧,韋驤
韦鼎,韋鼎
韩企先,韓企先
韩全义,韓全義
韩国瑜,韓國瑜
韩培德,韓培德
韩恢,韓恢
韩恩廷,韓銀貞
韩智慧,韓智慧
韩智敏,韓志旼
韩暹,韓暹
韩朝宗,韓朝宗
韩毓霞,韓毓霞
韩浩,韓浩
韩湘子,韓湘子
韩猛,韓猛
韩玄,韓玄
韩王信,韓王信
韩珩,韓珩
韩莒子,韓莒子
韩驹,韓駒
韋庄,韦庄
韓嫣,韩嫣
韓子高,韩子高
韓山童,韩山童
韓影,韩影
韓德讓,韩德让
韓惪洙,韩惪洙
韓擒虎,韩擒虎
韓福,韩福
韓遂,韩遂
音宫翼,音宮翼
项少龙,項少龍
顺性院,順性院
须世理姬,須世理姬
须藤茉麻,須藤茉麻
须贺健太,須賀健太
头山满,頭山滿
额贺福志郎,額賀福志郎
颜师古,顏師古
颜思齐,顏思齊
颜淳浩,顏淳浩
颜清标,顏清標
颜荛,顏蕘
颜钧,顏鈞
颛孙师,顓孫師
顾和,顧和
顾梦麟,顧夢麟
顾大章,顧大章
顾媚,顧媚
顾崇廉,顧崇廉
顾承,顧承
顾敻,顧敻
顾杲,顧杲
顾荣,顧榮
顾绮慧,顧綺慧
顾谭,顧譚
顾邵,顧邵
顾雍,顧雍
項燕,项燕
顧仁恩,顾仁恩
顧俊,顾俊
顧全武,顾全武
顧城,顾城
顧阿桃,顾阿桃
顧順章,顾顺章
預試七人,预试七人
顏珍珠,颜珍珠
风间勇刀,風間勇刀
飞田展男,飛田展男
饭冢雅弓,飯塚雅弓
饭岛爱,飯島愛
饭岛真理,飯島真理
饭田利信,飯田利信
饭田圭织,飯田圭織
饭田晴子,飯田晴子
饭田蛇笏,飯田蛇笏
饭田里穗,飯田里穗
饮中八仙,飲中八仙
养德院,養德院
饒國華,饶国华
香港副总督,香港副總督
蔣宋美齡,宋美齡
香港总督,香港總督
马中珮,馬中珮
马以工,馬以工
马休,馬休
马伟辉,馬偉輝
孔令伟,孔令俊
马加比家族,馬加比家族
马地奥斯,馬地奧斯
马士英,馬士英
马大,馬大
马安澜,馬安瀾
马延,馬延
马日磾,馬日磾
马海伦,馬海倫
马燧,馬燧
马登鹤,馬登鶴
马相,馬相
马知节,馬知節
马纪壮,馬紀壯
马维吉尔,馬維吉爾
马续,馬續
马良,馬良
马芳,馬芳
马钧,馬鈞
马钰,馬鈺
马铁,馬鐵
冯京第,馮京第
冯劫,馮劫
冯胜,馮勝
冯胜贤,馮勝賢
冯去疾,馮去疾
冯启聪,馮啟聰
冯国用,馮國用
冯国纶,馮國綸
冯媛,馮媛
冯家亮,馮家亮
冯宝君,馮寶君
冯庸,馮庸
冯建民,馮建民
冯盎,馮盎
冯素弗,馮素弗
冯素波,馮素波
冯习,馮習
冯芳,馮芳
冯衍,馮衍
冯诚,馮誠
冯起,馮起
冯锡范,馮錫範
骆统,駱統
馬敘倫,马叙伦
馬吉安,马吉安
馬守應,马守应
馬寶山,马宝山
馬崇六,马崇六
馬建忠,马建忠
馬承源,马承源
馬步芳,马步芳
馬海德,马海德
馬道婆,马道婆
駱家輝,骆家辉
高似孫,高似孙
高俊强,高俊強
高可宁,高可寧
高垣彩阳,高垣彩陽
高城元气,高城元氣
高宫智,高宮智
高宝龄,高寶齡
高尾紳路,高尾绅路
高岛礼子,高島禮子
高岛雅罗,高島雅羅
高岛鞆之助,高島鞆之助
高怀德,高懷德
高政华,高政華
高敏静,高敏靜
高斯达,高斯達
高昙晟,高曇晟
高木礼子,高木禮子
高杉晋作,高杉晉作
高村正彦,高村正彥
高樹勛,高树勋
高桥久美子,高橋久美子
高桥冴未,高橋冴未
高桥刚,高橋剛
高桥广树,高橋廣樹
高桥爱,高橋愛
高桥洋子,高橋洋子
高桥由伸,高橋由伸
高桥直纯,高橋直純
高桥真,高橋真
高桥瞳,高橋瞳
高桥绍运,高橋紹運
高桥统增,高橋統增
高桥美佳子,高橋美佳子
高桥美由纪,高橋美由紀
高桥叶介,高橋葉介
高桥卫,高橋衛
高河優,高河弓
高滨虚子,高濱虛子
高颎,高熲
高玉宝,高玉寶
高玉树,高玉樹
高田寿典,高田壽典
高华柱,高華柱
高览,高覽
高豪杰,高豪傑
高贤廷,高賢廷
高連升,高连升
高逊志,高遜志
高长恭,高長恭
高闶,高閌
高陽公主,高阳公主
高阶荣子,高階榮子
高龙伟,高龍偉
鬼束千寻,鬼束千尋
鬼穀子,鬼谷子
魁辉薰秀,魁輝薰秀
魏伯陽,魏伯阳
魏方进,魏方進
魏缓,魏緩
魏华存,魏華存
魏兰,魏蘭
宮崎八郎,宫崎八郎
渡辺大輔,渡邊大輔
鱼朝恩,魚朝恩
鱼玄机,魚玄機
鱼谷辉明,魚谷輝明
鱼豢,魚豢
鲁轨,魯軌
鲇川太阳,鮎川太陽
鲍信,鮑信
鲍喜顺,鮑喜順
鲍幼玉,鮑幼玉
鲍恢,鮑恢
鲍永,鮑永
鲍至,鮑至
鲜于枢,鮮于樞
魯不魯乞,鲁不鲁乞
魯爽,鲁爽
鮑叔牙,鲍叔牙
鮑國,鮑文子
鮑里斯三世,鲍里斯三世
鯀,鲧
鸟居清长,鳥居清長
鸟居龙藏,鳥居龍藏
鸟海浩辅,鳥海浩輔
鸟饲行博,鳥飼行博
鸠山一郎,鳩山一郎
鹤弘美,鶴弘美
鹫见亮,鷲見亮
鹰司信子,鷹司信子
鹰司孝子,鷹司孝子
鹰森淑乃,鷹森淑乃
鳩山邦夫,鸠山邦夫
鴨下一郎,鸭下一郎
盐月桃甫,鹽月桃甫
盐泽兼人,鹽澤兼人
鹿内信隆,鹿內信隆
鹿贺满,鹿賀滿
鹿野优以,鹿野優以
鹿鍾麟,鹿钟麟
麦原伸太郎,麥原伸太郎
麦基洗德,麥基洗德
麦润寿,麥潤壽
麦玲玲,麥玲玲
麥康瑞,麦康瑞
麴义,麴義
麻宫骑亚,麻宮騎亞
麻贵,麻貴
么地,麼地
黄世惠,黃世惠
黄仁览,黃仁覽
黄仕简,黃仕簡
黄余秀鸾,黃余秀鸞
黄信国,黃信國
黄光清,黃光清
黄南球,黃南球
黄启东,黃啟東
黄启辉,黃啟輝
黄嘉略,黃嘉略
黄国书,黃國書
黄士心,黃士心
黄子澄,黃子澄
黄存义,黃存義
黄守金,黃守金
黄宏发,黃宏發
黄宗焜,黃宗焜
黄定光,黃定光
黄宜弘,黃宜弘
黄家维,黃家維
黄少岑,黃少岑
黄崇,黃崇
黄崑岩,黃崑巖
黄平洋,黃平洋
黄徐毓芳,黃徐毓芳
黄志雄,黃志雄
黄应士,黃應士
黄敏惠,黃敏惠
黄昭顺,黃昭順
黄朝琴,黃朝琴
黄杉楹,黃杉楹
黄正利,黃正利
黄浮,黃浮
黄淑英,黃淑英
黄淳耀,黃淳耀
黄滔,黃滔
黄演渥,黃演渥
黄澂,黃澂
黄照芳,黃照芳
黄燕燕,黃燕燕
黄玉阶,黃玉階
黄琪翔,黃琪翔
黄真伊,黃真伊
黄石辉,黃石輝
黄碧端,黃碧端
黄祖,黃祖
黄秀孟,黃秀孟
黄纯青,黃純青
黄绍竑,黃紹竑
黄美棋,黃美棋
黄义交,黃義交
黄耀羽,黃耀羽
黄华麒,黃華麒
黄观,黃觀
黄通,黃通
黄道婆,黃道婆
黄钱其濂,黃錢其濂
黄镇球,黃鎮球
黄鲁曾,黃魯曾
黃乃裳,黄乃裳
黃仁宇,黄仁宇
黃大暹,黄大暹
黃履,黄履
黃帥,黄帅
黃得功,黄得功
黃得恩,黄得恩
黃昌,黄昌
黃根成,黄根成
黃秉衡,黄秉衡
黃苑玲,黄苑玲
黃英賢,黄英贤
黃茂銀,黄茂银
黃蕙蘭,黄蕙兰
黃金榮,黄金荣
黃香,黄香
黎刹,黎剎
黎德寿,黎德壽
黎玉玺,黎玉璽
黑岛传治,黑島傳治
黑崎一护,黑崎一護
黑泽英里奈,黑澤英里奈
黑田博树,黑田博樹
黑田长政,黑田長政
齐泰,齊泰
齐藤和巳,齊藤和巳
齐藤斗志二,齊藤斗志二
齐藤梨绘,齊藤梨繪
齐藤肇,齊藤肇
斋藤一,齋藤一
斋藤利三,齋藤利三
斋藤工,齋藤工
斋藤康嘉,齋藤康嘉
斋藤彩夏,齋藤彩夏
斋藤树,齋藤樹
斋藤道三,齋藤道三
斋藤隆,齋藤隆
斋藤龙兴,齋藤龍興
齊志勇,齐志勇
齊浣,齐浣
齊燮元,齐燮元
齡官,龄官
龙钦巴,龍欽巴
龙造寺隆信,龍造寺隆信
庞勋,龐勛
庞师古,龐師古
庞爱兰,龐愛蘭
庞柔,龐柔
庞淯,龐淯
庞炳勋,龐炳勛
庞约翰,龐約翰
庞羲,龐羲
龚原,龔原
龚心湛,龔心湛
龚敦颐,龔敦頤
龔明之,龚明之
龔飲冰,龚饮冰
龟梨和也,龜梨和也
韩公武,韓公武
徐尔一,徐爾一
渡边大辅,渡邊大輔
柳衛平,柳卫平
宋君復,宋君复
山中伸弥,山中伸彌
李师古,李師古
河田聰,河田聪
田悅,田悦
李納,李纳
窦群,竇群
登势,登勢
呂公望,吕公望
宫崎滔天,宮崎滔天
吉良亲贞,吉良親貞
西村满,西村滿
神尾叶子,神尾葉子
夏瑞红,夏瑞紅
岛田敏,島田敏
铃木亚美,鈴木亞美
北岛骥子雄,北島驥子雄
佐野忠义,佐野忠義
傅学鹏,傅學鵬
刘振忠,劉振忠
桧与平,檜與平
苏耀文,蘇耀文
波呂斐摩斯,波吕斐摩斯
木村贵宏,木村貴宏
赵逵,趙逵
与真司郎,與真司郎
趙昌言,赵昌言
西岛隆弘,西島隆弘
柯乔治,柯喬治
冈田纯子,岡田純子
佐久间红美,佐久間紅美
前川优子,前川優子
蒲茗蓝,蒲進
山口由裡子,山口由里子
渊崎有里子,淵崎有里子
大石锹次郎,大石鍬次郎
卢庆辉,盧慶輝
三轮田胜利,三輪田勝利
蒲鲜万奴,蒲鮮萬奴
石森达幸,石森達幸
田中新兵卫,田中新兵衛
平田广明,平田廣明
伊菲革涅亞,伊菲革涅亚
中村礼子,中村禮子
山本贵司,山本貴司
史载赫,史載赫
卡呂刻,卡吕刻
法华津宽,法華津寬
太田雄貴,太田雄贵
孟十还,孟十還
温璋,溫璋
中间淳太,中間淳太
細川幽齋,細川藤孝
贾巧姐,賈巧姐
八神ひろき,八神浩樹
李敬业,李敬業
柳花,柳花夫人
苏松本,松本米子
紺野まひる,紺野真晝
詩琳通,诗琳通公主
孟孙氏,三桓
叔孙氏,三桓
浅沼晋太郎,淺沼晉太郎
韋廷俊,韋寶珊
米仓加奈子,米倉加奈子
简义,簡義
简炳墀,簡炳墀
简东明,簡東明
简文彬,簡文彬
简大狮,簡大獅
简国贤,簡國賢
简吉,簡吉
简余晏,簡余晏
笃姬,天璋院
筱冢广梦,篠塚廣夢
筱原乌童,篠原烏童
筑波樱,筑波櫻
等松農夫藏,等松农夫藏
笹森仪助,笹森儀助
笹冈繁藏,笹岡繁藏
第五伦,第五倫
完顏阿骨打,完颜阿骨打
费边,費邊
武聖,关羽
荻原朔太郎,萩原朔太郎
李懷玉,李正己
須菩提祖師,菩提祖师
浜崎あゆみ,濱崎步
金桢勋,金楨勳
輔信王公,李伯瑤
浦琼英,卓琳
高仇須,高德武
瀬戸康史,瀨戶康史
文王,周文王
陳善之,劉鎮偉
劉宇鳴,劉鎮偉
大仲象,乞乞仲象
水島寬,水嶋斐呂
谭卫儿,譚衛兒
陳伯玉,陳子昂
爱田由,愛田由
蔡鴻忠,蔡鸿忠
炎帝神农,神农
尾谷おさむ,尾谷修
田中千繪,田中千绘
田興,田弘正
玅境法师,釋玅境
大學校監,校監
楊麗青,楊麗菁
宋云行记,宋雲
宋云,宋雲
金蛙,金蛙王
齋藤圭,真堂圭
孔老二,孔子
高允河,高潤荷
高润荷,高潤荷
枢やな,樞梁
天樹征丸,樹林伸
朴周永,朴主永
岩澤健吉,岩泽健吉
恆松步,恒松步
英雌,英雄
鳴人,漩渦鳴人
范睢,范雎
王禹稱,王禹偁
青山テルマ,青山黛瑪
オロチ丸,大蛇丸
吳德瀟,吳德潚
明智玉子,明智玉
入江紗綾,紗綾
下村修,下村脩
戴天仇,戴季陶
本多平八郎,本多忠勝
林明峰,林明鋒
浅井市,織田市
趙宣子,赵盾
趙成子,赵衰
梅妃,江采蘋
蘭陵笑笑生,兰陵笑笑生
つんく,淳君
专家,專業人士
傅懋恭,彭真
下村務,下村努
張耘,康生
一条美賀子,一條美賀子
辣妹曾根,曾根菜津子
三田優子,三田友子
趙善津,赵善津
黄公度,黃公度
金範,金汎
金成柱,金日成
神戶美有紀,神户美有纪
韓傀,俠累
韓俠累,俠累
元烈祖,也速該
小田切譲,小田切让
胡啟立,胡启立
二世皇帝,秦二世
后唐太祖,李克用
元順宗,答剌麻八剌
松井菜桜子,松井菜樱子
於于同,於乙宇同
於宇同,於乙宇同
包龍圖,包拯
包待制,包拯
近衛寔子,廣大院
亞略,阿利烏
高昇泰,高升泰
張廷實,張詡
申敏兒,新慜娥
申敏雅,新慜娥
申敏娥,新慜娥
浜田賢二,濱田賢二
王聰兒,王聪儿
於乙于同,於乙宇同
朴於宇同,於乙宇同
李陳,李真
李孺贇,李仁達
李弘義,李仁達
周彥琛,王延稟
尊亶,侬宗亶
太子黨,太子党
蕭克,萧克
逸仙,孫中山
鄭克爽,鄭克塽
劉三,刘邦
刘玉琼,老瓊
鶴巻和哉,鶴卷和哉
鹤卷和哉,鶴卷和哉
思漢飛,旭烈兀
綿山燒死,介子推
许秦豪,許秦豪
凰稀佳奈女,凰稀要
菊池通隆,麻宮騎亞
魏犨,魏武子
成吉斯,成吉思汗
成吉斯汗,成吉思汗
虞,舜
姬般,蔡靈侯
姬東國,蔡悼侯
姬廬,蔡平侯
姬朔,蔡成侯
姬齊,蔡侯齊
郭崇韜,郭崇韬
伯鐸,西門彼得
雅加婆婆,芭芭雅嘎
蓮華戒,蓮花戒
阿倍仲麿,阿倍仲麻呂
葛超智,柯喬治
李錫銘,李锡铭
佐伯真魚,空海
謝獻武,谢玄
謝幼度,谢玄
謝羯,谢玄
孫丹菲,孫淡妃
安华,安華
野島健児,野島健兒
赵武,趙武
趙文子,趙武
比景公主,巴陵公主
趙莊子,趙朔
模罕默德,穆罕默德
譚王䓪鳴,王䓪鳴
寶藏院胤榮,胤榮
覺禪房胤榮,胤榮
寶藏院胤舜,胤舜
卢沛宁,盧沛寧
易斯哈格,以撒
日蓮上人,日莲
哈倫,亞倫
素萊曼,所羅門
易勒雅斯,以利亞
優努斯,約拿
白石ひより,白石日和
公输盘,鲁班
李云鹤,江青
靈均,屈原
蕊珠,襲人
宣統皇帝,溥仪
黑田壽南,黑田壽男
老子身世,老子
綾波麗,綾波零
陳久,晉久
別府あゆみ,別府步美
松浦亜弥,松浦亚弥
金信洛,力道山
百田光浩,力道山
肝付尚五郎,小松帶刀
肝附尚五郎,小松帶刀
吼天犬,哮天犬
木戸松子,木戶松子
武梨えり,武梨繪里
島津久光,岛津久光
脱古思可敦,脫古思可敦
四代火影,波風湊
小松清廉,小松帶刀
小松带刀,小松帶刀
可黎可足,赤祖德贊
啸天犬,哮天犬
李後主,李煜
閔茲暎,明成皇后
森岡二郎,森岡二朗
算砂,本因坊算砂
一世本因坊,本因坊算砂
卡卡西,旗木卡卡西
埃阿科斯,艾亞哥斯
樋口一叶,樋口一葉
本因坊秀格,高川格
高川秀格,高川格
本因坊治勳,趙治勳
岩本薰和,岩本薰
本因坊薰和,岩本薰
高尾秀紳,高尾绅路
本因坊秀紳,高尾绅路
老琼,老瓊
許真君,许逊
王張江姚,四人帮
霍戈,霍弋
竹俣慶綱,竹俁慶綱
笠智众,笠智眾
笠智衆,笠智眾
滴草由実,滴草由实
荒木絵里香,荒木繪里香
加藤ローサ,加藤羅莎
許彥伯,许彦伯
阎温,閻溫
スガシカオ,菅止戈男
猿飛荊之助,猿飛蒜山
中山美穂,中山美穗
髙木雄也,高木雄也
默罕默德,穆罕默德
崔怡,崔瑀
月山明博,李明博
李義旼,李义旼
尤曾嘉麗,尤曾家麗
日野啓三,日野啟三
松沢夏樹,松澤夏樹
柳瀬なつみ,柳瀨洋美
柳瀬尚紀,柳瀨尚紀
成浚,何成濬
渡邉恒樹,渡邊恆樹
瀬戸口重為,瀨戶口重為
熊井啓,熊井啟
武藤啓,武藤啟
温羡,溫羨
史恒豐,史恆豐
紀登奎,纪登奎
大橋薫,大橋薰
奥華子,奧華子
周淑美,曹秀美
伊仓一寿,伊倉一惠
伊倉一恵,伊倉一惠
和知鷹三,和知鷹二
上村幹久,上村幹男
井上因碩,井上家
秀和,本因坊秀和
秀悅,本因坊秀悅
聂赤赞布,聂赤赞普
梨華,泉里香
内川藍維,內川藍維
福本豊,福本豐
福本丰,福本豐
蘇定方,苏定方
安卓瑪希,安德洛玛刻
玄珍,玄珍公主
季孫行父,季文子
大場つぐみ,大場鶇
緑川ゆき,綠川幸
惣領冬実,惣領冬實
長谷川静香,長谷川靜香
米蒂亞,美狄亞
达那埃,达那厄
北齐安德王,高延宗
安蒂岡妮,安提戈涅
嚴太雄,嚴泰雄
芳賀優理亞,芳賀優里亞
莫史狄,岳史迪
秀元,本因坊秀元
板西一良,坂西一良
间岛淳司,間島淳司
季友,季成子
知瑤,荀瑶
智瑤,荀瑶
村賴秀甫,本因坊秀甫
泉里果,泉里香
浜千咲,泉里香
张遇贤,張遇賢
宋肇基,李德賢
陳理,陈理
伊凱洛斯,伊卡洛斯
杨镇龙,杨振龙
默娘,媽祖
公西華,公西赤
慶子,中山慶子
公中緩,魏緩
久保田和輝,長州小力
石季龙,石虎
上地雄辅,上地雄輔
秀哉,本因坊秀哉
比粟毒,比栗
普足,清水祖師
释普足,清水祖師
骨力裴罗,怀仁可汗
黒田孝高,黑田孝高
直江兼続,直江兼續
陳道龍,房道龙
陈志平,房道龙
李雲鶴,江青
藍蘋,江青
国归父,国庄子
證嚴,釋證嚴
林秀榮,本因坊秀榮
秀榮,本因坊秀榮
鲍国,鮑文子
管敬仲,管仲
不敗的名人,本因坊秀哉
不敗名人,本因坊秀哉
阪本奨悟,阪本獎悟
水嶋ヒロ,水嶋斐呂
爱黛儿,愛黛兒
太田資長,太田道灌
潘因,培因
中岛裕美子,中島裕美子
菊池志穂,菊池志穗
遠藤雄弥,遠藤雄彌
高野五十六,山本五十六
马来之虎,山下奉文
水沢エレナ,水澤惠麗奈
水泽惠丽奈,水澤惠麗奈
通玄真人,文子
権藤博,權藤博
卫绍王,完颜永济
花襲人,襲人
宫野厚司,宮野厚司
紫姬,紫之上
紫夫人,紫之上
紫之君,紫之上
紫上,紫之上
冯兴,馮興
渡辺美佐,渡邊美佐
三輪勝恵,三輪勝惠
饭坂友佳子,飯坂友佳子
王偉梁,王偉樑
薛礼,薛仁貴
稲田徹,稻田徹
李妍熙,李沇熹
吕馀庆,呂餘慶
郭子蟆,郭虾蟆
感天大帝,许逊
冯铿,馮鏗
天野嘉孝,天野喜孝
左聯五烈士,左联五烈士
田森,塔摩利
金庚信,金庾信
聂斯托留派,聶斯脫里
平井啓二,平井啟二
季孙氏,三桓
廣文,羅廣文
浜崎歩,濱崎步
ユンナ,高潤荷
彭順,彭氏兄弟
彭發,彭氏兄弟
刘卬,劉卬
別府歩美,別府步美
舒尔哈其,舒爾哈齊
于少保,于谦
四大貝勒,四大贝勒
衍申,黃元申
卑彌呼,卑弥呼
繼體天皇,继体天皇
應神天皇,应神天皇
串田アキラ,串田晃
夏海ケイ,夏海慧
关惠美,關惠美
阿勒坦汗,俺答汗
具慧善,具惠善
文根英,文瑾瑩
夏目ナナ,夏目奈奈
長澤つぐみ,長澤築實
橘亞沙美,長澤築實
多國之父,亞伯拉罕
麻衣,佐藤麻衣
帖木真,成吉思汗
也速该,也速該
侯鏡如,侯镜如
狙击者,追跡者
黎得壽,黎德壽
以巴謙,亞伯拉罕
李民浩,李敏鎬
郭实立,郭士立
智伯瑤,荀瑶
智襄子,荀瑶
姬郢,公子郢
趙士雅,索趙士雅
趙正嚴,索趙士雅
武田四名臣,武田四天王
阿跌光顏,李光顏
掛川裕彦,掛川裕彥
呂柏克,鲁不鲁乞
関めぐみ,關惠美
柳楽優弥,柳樂優彌
藤井リナ,藤井莉娜
懺公,釋懺雲
懺雲法師,釋懺雲
靈源和尚,釋靈源
靈源,釋靈源
南沢奈央,南澤奈央
沃特林,魏特琳
齊宣帝,萧承之
蕭承之,萧承之
武周始祖,周文王
南漢烈宗,刘隐
劉隱,刘隐
夏木マリ,夏木麻里
公孫彌牟,公孙彌牟
南文子,公孙彌牟
田穉,田孟夷
田湣,田孟莊
后蜀太祖,孟佚
寶嘉康蒂,宝嘉康蒂
张仲景,張仲景
謝晉元,谢晋元
岸本斉史,岸本齐史
儀間真常,麻平衡
名護寵文,程順則
羽地朝秀,向象賢
景盛帝,阮光纘
李裕,李𥙿
志多伯天將,蔡鐸
具志頭文若,蔡溫
約瑟夫高,高光映
田無須,田文子
田常,田成子
田恒,田成子
貝爾熱,貝爾傑
田釐子,田僖子
田穰苴,司马穰苴
麻氏真常,麻平衡
七瀬光,伊藤真澄
任紅昌,貂蝉
杜酷伯爵,杜庫伯爵
柳弃疾,柳亚子
餘玄,玄王
馀玄,玄王
馀蔚,余蔚王
康兆,康肇
黑木美紗,黑木美沙
盘瓠,盤瓠
褒忠祠,義民爺
阿布賚汗,阿布賚
荀子儒學,荀子
阮德锵,阮德鏘
唐景宗,唐哀帝
唐聖祖,老子
後蜀世祖,孟察
後蜀顯宗,孟道
平措旺杰,平措汪杰
楚太祖,桓温
桓溫,桓温
朴志恩,朴鋕恩
杨用修,杨慎
郑日宇,丁一宇
睦仁天皇,明治天皇
明治大帝,明治天皇
明治聖帝,明治天皇
睦仁大帝,明治天皇
神格化,神化
石耶奕于,石邪
耶奕于,石邪
第四代火影,波風湊
蕭平實導師,蕭平實
蕭平實居士,蕭平實
平實居士,蕭平實
风后,風后
尚氏朝敷,尚弼
陈余,陳餘
佟國綱,佟国纲
瘋狂阿凱,阿凯
韓伯,韓康伯
壁井ユカコ,壁井有可子
孔學,孔子
孔子學說,孔子
許哥誼,許謌誼
許歌誼,許謌誼
郭洪福,廣澤尊王
子龍,赵云
謝名利山,鄭迵
鄭氏利山,鄭迵
长泽鸫,長澤築實
李秀寧,平阳昭公主
法司,三司官
塩山由佳,鹽山由佳
朴正洙,利特
向氏朝常,向德宏
幸地朝常,向德宏
増谷康紀,增谷康紀
净空法师,釋淨空
释净空,釋淨空
何蜜,灵思皇后
山崎蒸,山崎烝
玅境法師,釋玅境
妙境,釋玅境
妙境法師,釋玅境
陳榮造,陳揚凱
晋太祖,司马昭
吴太祖,孙权
魏太祖,曹操
猪哥,猪八戒
北周太祖,宇文泰
閩太祖,王審知
南吳太祖,楊行密
徐齊太祖,徐溫
西太祖,张献忠
吳周太祖,吴三桂
梅屋庄吉,梅屋莊吉
晉高祖,司马懿
崔瑩,崔莹
崔荣,崔莹
崇德上皇,崇德天皇
餘蔚,余蔚王
副島富美子,正田富美子
孝節烈皇后,莊烈愍皇后
孝敬端皇后,莊烈愍皇后
裴艷玲,裴艳玲
まきいづみ,牧泉美
廖夢醒,廖梦醒
喊舍,耶律喊舍
魏廢帝,曹芳
吴继勋,吴继兴
昭烈皇帝,刘备
明宣帝,朱器墭
幸地賢忠,夏德庸
宋國鋒,宋国锋
斐瑟琪,裴瑟琪
王锡朋,王錫朋
摩地,麼地
武藏坊弁慶,武藏坊辨慶
林白水,林獬
森田一義,塔摩利
江松明,江松民
馬青海,馬安瀾
岳史狄,岳史迪
盤古大帝,盘古
公子婴,子婴
烈山氏,炎帝
浩亮,錢浩梁
钱正伦,錢浩梁
武公惪,武公悳
彭和尚,彭瑩玉
金在旭,金材昱
圣史玛窦,馬太
村上美津,森光子
弟茂德,提摩太
渊男生,泉男生
李冰父子,李冰
含,含姆
閃,閃姆
妥懽贴睦尔,元順帝
瑶姫,瑶姬
含族,含姆
格拉古,格拉古兄弟
荀勖,荀勗
梁幗馨,狄娜
敦胡先翁,胡先翁
柳體,柳公權
彭漢垣,彭汉垣
陳秀美,陳若曦
躲媽媽,竹學葉
余風,徐鍾珮
片倉重綱,片倉重長
豊原里美,蔣里美
稲村優奈,稻村優奈
萧懿,蕭懿
中興王,朱一貴
朴信慧,朴信惠
陳棱,陳稜
郎士宁,郎世寧
唐懿祖,李天錫
慕容全,慕容令
仲井繪里香,大橋步夕
冈本信彦,岡本信彥
岡本信彦,岡本信彥
上原あずみ,上原杏美
張瑞姬,張瑞希
伊璜,查繼佐
朴詩妍,朴時妍
李經芳,李经方
李明澈,李明彻
李難勝,李难胜
李難胜,李难胜
嚴君平,莊遵
渡辺麻友,渡邊麻友
首露王,金首露
七瀬葵,七瀨葵
林氏春傍,林世功
名城春傍,林世功
张献忠起义,张献忠
徐鸿儒起义,徐鴻儒
乃颜之乱,乃颜
麥克法夸爾,马若德
黑衣组织,黑暗组织
朴政玟,朴政珉
端木賜,子贡
马少方,馬少方
水嶋寬,水嶋斐呂
康长素,康有为
李伯申,李肇甫
宜灣朝保,向有恆
名護良豐,馬良弼
沙也可,金忠善
同士原,童士元
斉藤鉄夫,齊藤鐵夫
齋藤鐵夫,齊藤鐵夫
木下あゆ美,木下亞由美
真壁朝顯,向文琳
蜀汉昭烈帝,刘备
曹仁貴,曹議金
星野あかり,星野明
伊江朝直,尚健
浦添朝師,向里瑞
向氏朝師,向里瑞
宅神,朱學恒
浜田靖一,濱田靖一
賴汶光,赖文光
馬禮信,马礼逊
椎名悦三郎,椎名悅三郎
穆林德夫,穆麟德
柴田秀之,恰克
崔宏道,崔弘道
于志宁,于志寧
竇燕山,竇禹鈞
崔宏,崔玄伯
知伯瑶,荀瑶
林資修,林幼春
林季商,林資鏗
徐象谦,徐向前
威震天,密卡登
成惠琳,成蕙琳
成惠琅,成蕙琅
扶餘福信,鬼室福信
穆聖,穆罕默德
张人杰,張靜江
深津絵里,深津繪里
鲜于琛,鮮于琛
何键,何鍵
衣通郎女,衣通郎姬
衣通王,衣通郎姬
许嘉谊,許謌誼
文忠,苏轼
梦得,刘禹锡
兒皇帝,石敬瑭
趙復三,赵复三
宮崎重明,飛鳥涼
何成浚,何成濬
河边千惠子,越智千惠子
蒋公纪念歌,蔣公紀念歌
関行男,关行男
呂鳳儀,呂繼續
渡嘉敷通寬,呂繼續
陶煥卿,陶成章
杉原吉子,高台院
陳白塵,陈白尘
吕留良案,吕留良
索爾兄妹,朔尔兄妹
文彩媛,文彩元
文彩原,文彩元
林三綱,林三纲
歌利亞,歌利亚
金仇亥,金仇衡
贾皇后,賈南風
洪武帝,朱元璋
米沢瑠美,米澤瑠美
黃慧慈,慧慈
伍敦元,伍秉鉴
米倉涼子,米仓凉子
顾命八大臣,顧命八大臣
袁本初,袁绍
粟原小卷,栗原小卷
栗原小巻,栗原小卷
芝山巖事件,六氏先生
內輪一族,宇智波一族
馬氏良豐,馬良弼
李烈鈞,李烈钧
翁山淑枝,翁山蘇姬
寧靖王墓,朱術桂
月読命,月讀
舒和兄妹,朔尔兄妹
慕容延釗,慕容延钊
陳公洽,陳儀
阿布賴,阿布賚
魯道源,鲁道源
田乞,田僖子
後唐懿祖,朱邪執宜
後唐獻祖,朱邪赤心
柳下跖,盜跖
薛聡,薛聰
薛聪,薛聰
巴布爾,巴布尔
水原薫,水原薰
冷黃穉荃,黃穉荃
鄭克臧,鄭克𡒉
森カンナ,森寬和
白荻,白萩
金恆鑣,金恒鑣
王仁贍,王仁赡
楚昭輔,楚昭辅
冷黄穉荃,黃穉荃
黄穉荃,黃穉荃
小祿良忠,馬克承
親魏倭王,卑弥呼
恩河朝恆,向汝霖
魯滌平,鲁涤平
今歸仁朝容,向克祉
濑戸康史,瀨戶康史
刘豫州,刘备
國莊子,国庄子
國頭正彌,馬瑞彩
國頭左馬守,馬瑞彩
向朝容,向克祉
馬正彌,馬瑞彩
米澤円,米澤圓
郑萃雯,鄭萃雯
葉氏真吳瑞,葉真吳瑞
李鍾萼,李祥甫
毛龍吟,毛龍喧
新城安基,毛龍喧
大新城,毛龍喧
國頭盛順,翁壽祥
楠正成,楠木正成
橘正成,楠木正成
浦添良憲,馬良詮
岳武穆王,岳飞
马尔巴,馬爾巴
玛尔巴,馬爾巴
岳鄂王,岳飞
朴時厚,朴施厚
端午桥,端方
毛龍唫,毛龍喧
城間盛久,翁寄松
尊圓城間,翁寄松
神誌氏,神誌
溫恭院,德川家定
昭德院,德川家茂
裵斗娜,裴斗娜
程壁光,程璧光
蔡姑婆,蔡紅亨
洪容齋,洪迈
完顏宗弼,兀术
孟揆,孟元老
伊東豐雄,伊東豊雄
梁燕孙,梁士诒
善导大师,善导
池府千歲,池夢彪
池府王爺,池夢彪
冨浦智嗣,富浦智嗣
董超,董超與薛霸
薛霸,董超與薛霸
呂仙公,吕洞宾
华胥氏,华胥
邓仲元,鄧鏗
毛安基,毛龍喧
毛氏安基,毛龍喧
馬良忠,馬克承
馬氏良忠,馬克承
馬氏良泰,馬克承
馬良泰,馬克承
翁盛久,翁寄松
翁氏盛久,翁寄松
翁盛順,翁壽祥
翁氏盛順,翁壽祥
向朝師,向里瑞
凌波丽,綾波零
凌波零,綾波零
寧寧,高台院
阪本奬悟,阪本獎悟
林伯彦,博焱
孔丘仲尼,孔子
高劍父,高剑父
孝成皇后,赵飞燕
靈思皇后,灵思皇后
安齐智子,伊東美咲
張保皋,張保皐
元乂,元叉
左保贵,左宝贵
邱福,丘福
楊椒山,楊繼盛
晁迥,晁逈
豊崎愛生,豐崎愛生
王禹偶,王禹偁
許季茀,许寿裳
大亀明日香,大龜明日香
戚懿,戚夫人
大亀あすか,大龜明日香
那須めぐみ,那須惠
錢維善,錢惟善
柔克塞拉娜,许蕾姆苏丹
罗克塞拉娜,许蕾姆苏丹
沙门空海,空海
樗里疾,樗里子
阿摩和利,阿麻和利
玉琳,玉林通琇
史拉轟教授,斯拉格霍恩
雨的印记,李閏珉
折戸マリ,折戶真理
大橋恵,大橋惠
伊月ゆい,伊月唯
伊月由依,伊月唯
区丁玉,歐丁玉
佐藤栄作,佐藤荣作
潘仁美,潘美
郷里大輔,鄉里大輔
長堀芳夫,鄉里大輔
尼力,耐利
韓倡,趙悼倡后
戚奶,七星奶
武满彻,武滿徹
倡后,趙悼倡后
卜福,拿公
葉賀ユイ,葉賀唯
張鳳雲,小鳳仙
菅井えり,菅井爱里
苍井爱里,菅井爱里
菅井绘里,菅井爱里
战国四君子,战国四公子
鄭一官,鄭芝龍
惣慶忠義,伊世高
伊氏忠義,伊世高
伊忠義,伊世高
净空,釋淨空
西野カナ,西野加奈
金斗奉,金枓奉
王若飛,王若飞
曠繼勛,旷继勋
曠繼勳,旷继勋
吉鴻昌,吉鸿昌
丹下桜,丹下櫻
文人三酸,文人三才
緑川光,綠川光
翔宇,周恩来
三打白骨精,白骨精
高河优,高河弓
汪阿姐,汪明荃
空海和尚,空海
豐原里美,蔣里美
李从嘉,李煜
白加士,巴夏禮
伊东佑亨,伊东祐亨
鄭森,鄭成功
汪兆銘,汪精卫
黑色組織,黑暗组织
亚基斯三世,亞基斯三世
高桥大辅,高橋大輔
李概俠,李慨俠
李银桥,李銀橋
蒋公琰,蔣琬
费文伟,費禕
電火球,蘇貞昌
細川玉,明智玉
尔撒,爾撒
埃提烏斯,埃提乌斯
邢沅,陳圓圓
嚴正花,嚴正化
沈宏志,沈赫哲
小嶋元太,小岛元太
宫野真守,宮野真守
朗世寧,郎世寧
趙陀,赵佗
张启后,張啓後
颜楷,顏楷
海鳴威,海鸣威
陈敬第,陈叔通
李谷,李穀
範質,范质
三田都千歲,雷萬春
藤本譲,藤本讓
韓恩廷,韓銀貞
夏同和,夏同龢
胡润百富,胡潤百富榜
洪芻,洪駒父
萨支唐,薩支唐
高河ゆん,高河弓
以赛,以撒
罗士信,羅士信
傅蕾蕾,畢蕾蕾
光纖之父,高錕
黃日平,黃西田
太公,太公望
馮乃超,冯乃超
哪咤,哪吒
七兄弟,七公主
鷺巣詩郎,鷺巢詩郎
越王無余之,無余
高桥正则,喜多郎
邹应龙,鄒應龍
文佳皇帝,陳碩真
李藝,罗艺
岡本寛志,岡本寬志
张光璧,張天然
齐耀珊,齊耀珊
孫素貞,孫慧明
路達克里斯,卢达克里斯
永山瑛太,瑛太
阿凡提,纳斯尔丁
干柿鬼蛟,干柿鬼鮫
高凌蔚,高凌霨
空海法師,空海
汤槱,湯爾和
钱永刚,钱学森
錢永剛,钱学森
喬瑋,大喬
たかしげ宙,高樹宙
篠原松,芳春院
周公瑾,周瑜
呂子明,吕蒙
董仲穎,董卓
阿巫那,那兀纳
李蔡妍,蔡妍
宓妃,洛神
白隠慧鶴,白隱慧鶴
由比正雪,由井正雪
錢鏐,钱镠
張儀,张仪
蘇武,苏武
王昌齡,王昌龄
呂雉,吕雉
芥川龍之介,芥川龙之介
許家屯,许家屯
源义经,源義經
陳邦傅,陳邦傳
篤姬,天璋院
孫文台,孙坚
孫伯符,孙策
太史子義,太史慈
西協美智子,西脇美智子
曼德森,文德森
岑嘉州,岑参
载澧,载沣
湖月わたる,湖月和多留
王伯當,王伯当
演讲帝,杨心龙
郑昌,鄭昌
張爀,張赫
張復健,張復建
喬玄,橋玄
護國尊王,谢安
鄭迥,鄭迵
騶衍,邹衍
三重唱,三帥
湖月渡,湖月和多留
張根錫,張根碩
吴右,吳右
李勝基,李昇基
源篤子,天璋院
朴蔡琳,蔡琳
蔡陳葆芯,蔡陳葆心
乙失缽,也咥可汗
褔原愛,福原爱
謝若葦,謝忻
金雅中,金亞中
白蘭汗,白拉姆汗
刘为章,劉斐
隆帝,杨浩
金承佑,金勝友
崔始源,始源
陈诚,陳誠
平秀吉,丰臣秀吉
攸美尼斯,歐邁尼斯
崔永宜,大山倍達
崔倍達,大山倍達
孔稚圭,孔稚珪
亚伯拉罕,亞伯拉罕
文信侯,吕不韦
子贛,子贡
徐州子期,田忌
田居子,田忌
陳臣思,田忌
田期,田忌
田期思,田忌
田臣思,田忌
陳忌,田忌
姬竃,西周威公
子騫,闵损
姜弗,許莊公
姬夫差,夫差
姜鄭,許桓公
姜新臣,許穆公
姜業,許僖公
姜錫我,許昭公
姜買,許悼公
應氏德明,魏士哲
應德明,魏士哲
高嶺德明,魏士哲
李德邻,李宗仁
星美里,夏川里美
横沟正史,橫溝正史
女媧作人,女娲
女媧造人,女娲
廉希宪,廉希憲
仆散忠义,僕散忠義
沛公,刘邦
徒单镒,徒单鎰
趙良弼,赵良弼
张耳,張耳
通才,博学家
刘皇叔,刘备
金正云,金正恩
黃金剛奴,王金刚奴
傅宜生,傅作义
若草恵,若草惠
李承晩,李承晚
阿旺德爾智,阿格旺多傑
刘峙,劉峙
杨宏礼,杨弘礼
太陽汗,塔陽汗
袁天纲,袁天罡
青木蘭,宝树院
无极高,阿地瞿多
甲士,军人
信苴日,段实
段實,段实
鄭明錫,鄭明析
從義,吳從義
色延迪爾,其延迪爾
熬罗孛极烈,熬羅孛極烈
鄂羅,熬羅孛極烈
土萠ほたる,土萌螢
蒋介石生平,蔣中正
玉琳国师,玉林通琇
原田ひとみ,原田瞳
妻夫木聡,妻夫木聰
山口疆,山口彊
荒井由実,松任谷由實
蓝大顺,藍朝柱
黃晦聞,黃節
水無月すう,水無月嵩
焕熙,黄伦硕
武良茂,水木茂
柳子厚,柳宗元
许哥而,許謌誼
陳雲,陈云
蒯通,蒯徹
艾塞尼教派,艾賽尼派
凝然国师,凝然
郑义哲,丁義澈
乔山中,山中乔
陳頠,簡定帝
陳簡定,簡定帝
天齊王,東嶽大帝
興慶帝,簡定帝
汉昭烈帝,刘备
摩利臣,马礼逊
摩理臣,马礼逊
張世傑,张世杰
耿飈,耿飚
大沢佑香,晶愛麗
莊美階,庄美楷
張根奭,張根碩
高雅娜,高雅羅
吴世勋,吳世勳
淵男生,泉男生
荒井由實,松任谷由實
戴若思,戴淵
韓國國父,金九
椒舉,伍舉
副港督,香港副總督
柯利達症,柯利達
楚恭哀帝,高儼
柳济国,柳濟國
柳在國,柳濟國
大加图,老加图
老卡圖,老加图
檢察官卡圖,老加图
監察官卡圖,老加图
高天命,井上伊之助
羽海野チカ,羽海野千花
田須無,田文子
陳僖子,田僖子
具子哲,具滋哲
長友佑都,长友佑都
張義潮,张议潮
張義朝,张议潮
谷井あすか,谷井明日香
李龙祥,李龍祥
杨树庄,楊樹莊
優希比呂,优希比吕
陳元贇,陈元赟
陳慧樺,陳鵬翔
弃足德贊,赤祖德贊
陳季擴,重光帝
久本治,松音
梦阳,呂運亨
吉岡之局,新造之方
貓御前,新造之方
耶律隆運,韩德让
田中崇,銀河萬丈
椎名軽穂,椎名輕穗
中原アヤ,中原亞矢
高橋千晶,高橋智秋
車承元,車勝元
鄭珍雲,鄭珍云
伊希梅尔,以实玛利
侯德建,侯德健
洛克李,李洛克
邊慎,渡邊慎一
子南彌牟,公孙彌牟
かすみ果穂,香澄果穗
香澄果穂,香澄果穗
姜斯,許男斯
清浦夏実,清浦夏實
田無宇,田桓子
田盘,田襄子
石墙杰克逊,石牆傑克森
長澤あずさ,长泽梓
臺灣國王,鄭經
大滝若菜,大瀧若菜
窪田啟子,窪田啓子
姜镶,姜瓖
李弘基,李洪基
鐘鉉,金鐘鉉
华胥古国,华胥
華胥國,华胥
華胥,华胥
奕经,奕經
神戸守,神戶守
吳門四家,明四家
傅姆,傅母
愍周皇后,莊烈愍皇后
權賢妃,恭獻賢妃
懿安張皇后,孝哀悊皇后
梁妠,順烈皇后
鄧綏,和熹皇后
松元恵,松元惠
鍾赤兵,钟赤兵
與那原良矩,馬國器
楚戈,袁德星
紅玉いづき,紅玉伊月
寺田誠,麥人
吴禎,吳禎
黃植誠,黄植诚
雜賀孫一,雜賀孫市
鈴木重意,雜賀孫市
鈴木孫一,雜賀孫市
遊助,上地雄輔
宋鐘國,宋鍾國
宋钟国,宋鍾國
大寶寺義勝,本庄充長
武藤義勝,本庄充長
武取勇六,水木茂
东真一郎,水木茂
葉升,葉昇
詹姆士龐德,占士邦
春姬,清圓院
本庄義勝,本庄充長
俞通淵,俞淵
徳永えり,德永绘里
島袋寛子,島袋寬子
新垣仁絵,新垣仁繪
小祿,劉祿存
朱祐,朱祜
爰盎,袁盎
吴周太宗,吳應熊
李子和,郭子和
佐藤智仁,佐藤祐基
玉城朝薰,向受祐
岳鍾琪,岳钟琪
宮本茂,宫本茂
日葉酢媛,日叶酢媛命
日葉酢根命,日叶酢媛命
日葉洲媛命,日叶酢媛命
難波王,难波小野王
碇真治,碇真嗣
约翰万次郎,中濱萬次郎
山口光雄,山口勝平
龐勳,龐勛
帝直,共工氏
帝宜,共工氏
韓智敏,韓志旼
湯唯,汤唯
嬴子婴,子婴
温兹瑛士,瑛士
金南吉,金南佶
鈴木まりや,鈴木瑪莉亞
韓嬰,韩婴
王親雄,王世均
程咨,程普
崔真英,崔真永
中尾みち雄,中尾巖雄
中尾巌雄,中尾巖雄
梅澤勇人,梅泽春人
鈴木れい子,鈴木玲子
王会龙,王會龍
宫野明美,黑暗组织
徐仁錦,徐凌霄
白骨夫人,白骨精
袁宗弟,袁宗第
阿拉坦汗,俺答汗
佐藤ありさ,佐藤亞璃紗
陶緒忠,陶喆
黒川きらら,黑川綺羅
真由美,中野良子
伊卡鲁斯,伊卡洛斯
吉岡亜衣加,吉冈亚衣加
台灣國王,鄭經
温影帝,温家宝
庚申君,元順帝
元庚申君,元順帝
衛公子郢,公子郢
项藉,项羽
詹書,詹同
苻黄眉,苻眉
水木しげる,水木茂
徐垕,徐宗實
狱神,皋陶
向氏朝保,向有恆
钟徽,鍾子期
钟子期,鍾子期
伯禹,禹
合浦公主,高阳公主
水野晃樹,水野晃树
大島由加利,大島由加里
堀部安兵衛,堀部武庸
別克鐵兒,別克帖兒
呂武子,魏錡
韓志玟,韓志旼
宮澤梨繪,宮澤理惠
西魏废帝,元钦
鄭俊浩,鄭俊鎬
傅崑萁,傅崐萁
岡本真夜,冈本真夜
汉烈祖,刘备
邰丽华,邰麗華
龜井靜香,龟井静香
鬼虎之亂,鬼虎
美内すずえ,美內鈴惠
越王允常,允常
安朵美達,安德洛墨達
咕魯,咕嚕
陈玉蓉,暴走妈妈
楚貞王,朱華奎
湘獻王,朱柏
湘戾王,朱柏
徽悼王,朱載埨
唐裕王,朱器墭
李淑蒙,江青
李润青,江青
叶宜伟,叶剑英
叶沧白,叶剑英
朱學恆,朱學恒
专业人员,專業人士
专业人士,專業人士
七大聖,大圣
大力牛魔王,牛魔王
韦苏州,韦应物
温八叉,温庭筠
尔微特勤,尔微特勒
周興健,周學健
田野中勇,田之中勇
城間清豐,欽可聖
欽氏清豐,欽可聖
欽清豐,欽可聖
自了,欽可聖
松村宗棍,武成達
義村朝明,向志禮
武氏宗棍,武成達
武宗棍,武成達
顔相時,顏相時
小松未歩,小松未步
星屑醫生,歐陽英傑
屋嘉比朝寄,向全謨
瑞澤 溪,瑞澤溪
丹增唐恪,丹增當卻
寧戚,甯戚
顏師魯,顏思魯
金镒吉,金一哲
白莽,殷夫
朱耶赤心,朱邪赤心
張羣,張群
麻原彰幌,麻原彰晃
游助,上地雄輔
金若山,金元鳳
巧聖仙師,鲁班
盖长公主,鄂邑公主
冨永みーな,富永美衣奈
阪本龍馬,坂本龙马
倪寬,兒寬
川嶋あい,川嶋愛
淵獻誠,泉献诚
多哥总统,多哥總統
福島瑞穂,福島瑞穗
柯玉笙,七星奶
溫鴻,溫府千歲
円谷英俊,圓谷英俊
八武崎碧,悠木碧
德川家祥,德川家定
齊德,齊泰
川村ゆきえ,川村雪绘
李东国,李同国
増田俊郎,增田俊郎
咎犯,狐偃
五贤,五贤士
公子重耳,晋文公
灵思何皇后,灵思皇后
莫愁女,莫愁
司空季子,胥臣
蚊哥,許海清
僖叔,叔牙
季孫斯,季桓子
劉誥升爰,誥升爰
劉閼陋頭,閼陋頭
村田蓮舫,蓮舫
季孫肥,季康子
公子慶父,庆父
仲慶父,庆父
共仲,庆父
直島正行,直嶋正行
謝蓮舫,蓮舫
齊藤蓮舫,蓮舫
木下寧寧,高台院
崔英林,崔永林
李要武,李勇武
韓湘,韓湘子
鲁庆父,庆父
杉基イクラ,杉基鮭魚子
范保禄,阮福宝禄
阮伯瑾,阮波瑾
伊藤かな恵,伊藤加奈惠
埃萊克特拉,厄勒克特拉
田俅子,田鳩
齊藤圭,真堂圭
陈李婉若,陈李琬若
李琬若,陈李琬若
龜川盛棟,毛有慶
毛氏盛棟,毛有慶
西川ひとみ,晶愛麗
盖尼米得,伽倪墨得斯
菲勒美拉,菲洛墨拉
廉基勋,廉基勳
张师正,張師正
小澤マリア,小澤瑪麗亞
邵小毛,邵夷贝
原田榮怜,手束真知子
安忒諾爾,安忒诺耳
壱智村小真,壹智村小真
愛沢蓮,愛澤蓮
桜井りあ,櫻井莉亞
满都海,满都海哈屯
卞壶,卞壼
吕禄,呂祿
石瞻,冉瞻
潘金福,潘氏金福
宇野実彩子,宇野實彩子
許哀世子,世子止
宇野实彩子,宇野實彩子
乙弗后,乙弗皇后
昌珉,沈昌珉
槻潮钢,打越鋼太郎
金正雲,金正恩
宣尼公,孔子
虞帝,舜
郄超,郗超
和合二聖,和合二仙
辰姫,辰姬
林巧雅,林巧稚
佐藤ひろ美,佐藤裕美
第三代火影,猿飛蒜山
猿飛日斬,猿飛蒜山
木葉丸,猿飛木葉丸
杨沧白,杨庶堪
原田櫻怜,手束真知子
辻みゆき,加護範子
池内莉奈,石川鈴華
晶エリー,晶愛麗
花野真衣,黑木麻衣
綾瀬美音,綾瀨美音
広瀬藍子,瀨名步
瀬名あゆむ,瀨名步
新垣セナ,新垣聖那
岬理沙,岬里沙
岬リサ,岬里沙
春咲あずみ,春咲和津實
長瀬愛,長瀨愛
師古,顏師古
阮福永珊,維新帝
勒伯勒东,勒伯勒東
岳托,岳託
岩本えり子,岩本惠理子
法爾第福,买忒勒
樂竹芳,巴音比利格
巴音比力格,巴音比利格
余姚四贤仕,余姚四贤
山岡 晃,山岡晃
槻潮鋼,打越鋼太郎
阿江與,崇源院
山口百恵,山口百惠
篠原リョウ,篠原涼
土屋かなこ,明佐奈
三浦加奈,篠原涼
小野瀬香恋,加護範子
汉王,刘邦
叶志穂,叶志穗
小白龙,白龙马
廣瀨藍子,瀨名步
城崎麻理子,明佐奈
高橋なるみ,叶志穗
桜井菜々子,速水百花
望月涼子,篠原涼
克里斯汀,基斯頓
大澤佑香,晶愛麗
西川瞳,晶愛麗
小野瀨香戀,加護範子
熊田夏樹,岬里沙
小池瞳,Nao.
土屋加奈子,明佐奈
茅ヶ崎リサ,小櫻沙樹
茅之崎里沙,小櫻沙樹
姫野愛,姬野愛
立花綺羅,吉野紗莉
秋本彩,紅音螢
喜田嶋理緒,黑澤英里奈
喜田嶋りお,黑澤英里奈
佳山由實,城麻美
佳山由実,城麻美
沢田泰司,澤田泰司
乾隆皇,乾隆帝
上村佳奈,羽月希
今井なつみ,羽月希
南洋机工,南侨机工
葡萄姐姐,米可白
趙淑亭,米可白
香月彌生,都築香彌子
文衡大帝,关羽
寺田光男,淳君
小桜沙樹,小櫻沙樹
商君,商鞅
張瑾惜,張根碩
仲孫慶父,庆父
白石小百合,北条麻妃
缪嘉铭,缪云台
林絵理,光月夜也
田中美久,菜菜美寧
菜菜美ねい,菜菜美寧
朝比奈瑠衣,朝比奈瑠依
朝比奈琉依,朝比奈瑠依
鄭素敏,庭沼珉
石黒京香,石黑京香
黒沢英里奈,黑澤英里奈
于謙,于谦
桜井梨花,櫻井梨花
帕迪卡,佩爾狄卡斯
紅音ほたる,紅音螢
溫雅,温雅
大島りこ,大島理子
星崎アンリ,星崎杏里
浦和めぐみ,浦和惠
鶴ひろみ,鶴弘美
山口奈々,山口奈奈
三田ゆう子,三田友子
郁久闾斛律,斛律
挂川裕彦,掛川裕彥
朱学恒,朱學恒
西胁保,西脇保
难波圭一,難波圭一
牛蘭,牛兰
系师,张鲁
懿德夫人,蔡紅亨
ももこみゆ,桃子美優
岩下美季,倖田李梨
句句廼馳,久久能智
倉林聖子,飯島玖羅
飯島くらら,飯島玖羅
喜田あゆ美,喜田亞由美
李常杰,李常傑
姜智英,姜知英
韓勝妍,韓昇延
吉田洁,吉田潔
少彥名命,少彥名
少彥名神,少彥名
京田诚一,京田誠一
当山ひとみ,当山瞳
渡辺俊幸,渡边俊幸
渡邊俊幸,渡边俊幸
西伯昌,周文王
祁理賓,祁禮賓
奇禮賓,祁禮賓
杉本ゆう,杉本優
村井かずさ,村井每早
野村宗次郎,宗次郎
晶艾莉,晶愛麗
羽多野渉,羽多野涉
篠原恵美,篠原惠美
陳祖燾,陳果夫
遥めぐみ,遙惠美
吉屋思鶴,吉屋鶴
高本めぐみ,高本惠
加納瑞穂,草凪純
桓冲,桓沖
洪吉同,洪吉童
紋舞らん,紋舞蘭
晨希,圭皓
彭梓安,圭皓
山寨版小天,圭皓
小小天,圭皓
章行严,章士釗
何不食肉糜,晉惠帝
大引啓次,大引啟次
羊叔子,羊祜
穆脩,穆修
喀提林阴谋,喀提林
潛水侠,水行侠
高瀬一矢,高瀨一矢
山本譲二,山本讓二
田中亜弥,田中亞彌
沙悟淨,沙僧
小林 隆男,小林隆男
蕭継先,萧继先
铁骥,李范奭
白凡,金九
莊蕴宽,莊蘊寬
葵せきな,葵關南
三浦麗,三浦七緒子
元哲宗,元昭宗
湯惠休,惠休
令狐悼子,魏顆
晉共太子,申生
江魚,江小魚
小魚兒,江小魚
江無缺,花無缺
十虎,廣東十虎
孫汶,孫中山
李美研,李美妍
杨遵彦,楊愔
袁行潔,袁曉園
黒崎真音,黑崎真音
義民,義民爺
義民廟,義民爺
旌義亭,義民爺
旌義祠,義民爺
高滔滔,宣仁皇后
聖安德烈,安得烈
聖馬太,馬太
西门彼得,西門彼得
三木於琴,三木琴
蒙傲,蒙骜
斐濟總統,斐济总统
绍尔兄妹,朔尔兄妹
萧尔兄妹,朔尔兄妹
朔爾兄妹,朔尔兄妹
索尔兄妹,朔尔兄妹
韦睿,韋叡
薛公比,薛伯比
德川信康,松平信康
孫暠,孙暠
塩川正十郎,鹽川正十郎
者別,哲別
千賀,小松近
刘伯升,劉縯
劉克明,刘克明
竇文場,窦文场
岸田メル,岸田梅爾
前原诚司,前原誠司
東漢直駒,东汉驹
東漢駒,东汉驹
使徒馬提亞,馬提亞
唾面自乾,娄师德
崇道天皇,早良親王
陳復初,陳性善
黃湜,黃子澄
前田菊姫,前田菊姬
安室奈美恵,安室奈美惠
重黎,祝融
蔡媽夫人,蔡紅亨
夏宇,黃慶綺
檸檬哥哥,邱俊銘
金正銀,金正恩
宗室耆英,耆英
全秉浩,全炳浩
全秉镐,全炳浩
全秉鎬,全炳浩
金基南,金己男
徐官喜,徐宽熙
边荣立,边永立
李用茂,李勇武
朱相成,朱霜成
林彦峰,林彥峰
新埔褒忠亭,義民爺
柳瀬敬之,柳瀨敬之
和世㻋,元明宗
顓頊氏,颛顼
劉曉波,刘晓波
西内まりや,西內麻理耶
潘文迪,潘文廸
張益德,张飞
卓巖明,卓儼明
朴星雄,朴誠雄
覆水難收,朱買臣
松任谷由実,松任谷由實
呉田軽穂,松任谷由實
吳田輕穗,松任谷由實
何進善,何福堂
浅見れいな,淺見麗奈
郝永忠,郝搖旗
胡維德,胡惟德
孫美子,琴寶羅
王颀,王頎
麿赤児,麿赤兒
聖彼得,西門彼得
文淑,文鴦
莲峰居士,李煜
赫连璝,赫連璝
菊儿可汗,耶律大石
葛儿可汗,耶律大石
葛儿汗,耶律大石
法身宗,宋七力
博尔术,博爾朮
黃希范,黃希範
荷拉,具荷拉
正學先生,方孝孺
白隆發,白其祥
莊圓,張莊圓
洪合益,洪騰雲
洪合樂,洪騰雲
洪忠慎,洪騰雲
青木りん,青木鈴
嚴遵,莊遵
岩里祐穂,岩里祐穗
野沢那智,野澤那智
扎马鲁丁,札馬剌丁
札马剌丁,札馬剌丁
扎马刺丁,札馬剌丁
勝妍,韓昇延
奎利,朴奎利
左文襄,左宗棠
博尔忽,博爾忽
壽耆,宗室壽耆
山崎守三,山崎二休
鈴木さとみ,鈴木里美
德薛禪,特薛禪
国友一貫斎,國友一貫齋
安里周當,飛安里
安里周祥,飛安里
白芳礼,白方礼
纸上谈兵,赵括
終南捷徑,盧藏用
淺野禰禰,高台院
三浦福,法鮮尼
武田菊姬,大儀院
近衞文麿,近衛文麿
應夔丞,應桂馨
種邵,种邵
種岱,种岱
降妖杖,沙僧
子郢王,朱友珪
张殿举,张巴拿巴
魏恩波,魏保羅
于静遠,于静远
拉施特,拉施德丁
亚矢,亞矢
薛禅汗,忽必烈
王萬得,王万得
印和阗,印何闐
天后聖母,媽祖
鬬蔓,宮廄尹棄疾
近衛篤子,天璋院
島津篤子,天璋院
近衛敬子,天璋院
秦广王,蔣子文
關鏞,关镛
二徵夫人,徵氏姐妹
御靈信仰,孤魂信仰
筑紫王磐井,筑紫君磐井
磐井,筑紫君磐井
完顏兀术,兀术
徐鍾佩,徐鍾珮
稻葉一鐵,稻葉良通
印度国父,圣雄甘地
桑原秀策,本因坊秀策
康里子山,康里巎巎
劉齊賢,劉景先
李紹沖,温韬
溫韜,温韬
融通王,弓月君
伯州犁,伯州犂
杨源懋,杨勉斋
文衡帝君,关羽
月讀命,月讀
和熹鄧皇后,和熹皇后
順烈梁皇后,順烈皇后
仁村,金性洙
金尤史,金奎植
張孝若,张孝若
坚白赤烈,坚白赤列
李存審,符存審
精卫填海,精卫
多利思北孤,多利思比孤
札马鲁丁,札馬剌丁
衣被天下,天涯織女
賈季,狐射姑
米庞嘉措,米龐仁波切
措康活佛,坚白赤列
木村靜香,工藤靜香
法主聖君,法主公
莊圓大師,張莊圓
具慈哲,具滋哲
載濂,载濂
師妃喧,師妃暄
冢本高史,塚本高史
孫奕,孫韶
乙皇后,乙夫人
荫昌,廕昌
朱彭寿,朱彭壽
台灣卓別林,許不了
阿波根實基,虞建極
水戶光圀,德川光圀
范匄,范宣子
北沢力,北澤力
夏樹リオ,夏樹莉緒
蕭咪咪,十大惡人
杜殺,十大惡人
屠嬌嬌,十大惡人
李大嘴,十大惡人
哈哈兒,十大惡人
軒轅三光,十大惡人
陰九幽,十大惡人
白開心,十大惡人
金小刀,金溥聰
青葉りんご,青葉林檎
北泽力,北澤力
筱田正浩,篠田正浩
李瑶,李瑤
川島省吾,劇團一人
鬼谷,鬼谷子
豐臣政權,丰臣秀吉
士蔿,士蒍
中行偃,荀偃
中行獻子,荀偃
智武子,荀罃
知武子,荀罃
智罃,荀罃
知罃,荀罃
智文子,荀跞
知文子,荀跞
知躒,荀跞
荀躒,荀跞
知跞,荀跞
智躒,荀跞
智跞,荀跞
神話織女,天涯織女
金壁辉,川島芳子
源潔姫,源潔姬
德忌笠,德己立
玄武若光,高麗若光
藤原基経,藤原基經
华元,華元
中國國父,孫中山
朱一貴事件,朱一貴
樊一翁,西山一窟鬼
徳間康快,德間康快
广武君,李左车
金泰荣,金泰榮
嚴君疾,樗里子
藤原ヒロ,藤原飛呂
天涯织女,天涯織女
赵叔雍,赵尊岳
松山健一,松山研一
梅岳承芳,今川義元
今川义元,今川義元
徐娘,徐昭佩
郑道传,鄭道傳
子 (姓),子姓
昌仆,景僕
自及,朱友恭
公行自及,朱友恭
蒍贾,蔿賈
浅倉舞,淺倉舞
浜崎りお,濱崎里緒
藤原ひとみ,藤原瞳
朝比奈るい,朝比奈瑠伊
天海つばさ,天海翼
灵明石猴,孙悟空
諸家駿,诸家骏
希志あいの,希志愛野
大槻ひびき,大槻響
早乙女ルイ,早乙女露依
仁科さやか,仁科沙也加
前嶋美歩,前嶋美步
乙音奈々,乙音奈奈
安倍なつき,安倍夏樹
法主真君,法主公
星崎未来,星崎未來
恋小夜,戀小夜
長澤梓,长泽梓
舞浜朱里,舞濱朱里
高樹マリア,高树玛利亚
松島かえで,松島楓
小沢まどか,小澤圓
小沢菜穂,小澤菜穗
妃乃ひかり,妃乃光
奈々見沙織,奈奈見沙織
天宮まなみ,天宫真奈美
大石あやか,大石彩香
大浦あんな,大浦安娜
吉野サリー,吉野紗莉
吉沢明歩,吉澤明步
友崎りん,友崎玲
あいだゆあ,愛田由
独孤没根,刘库仁
刘没根,刘库仁
刘卫辰,劉衛辰
神田理惠,神田理江
田中美樹,田中芳樹
井上あずみ,井上杏美
少皞氏,少昊
讙兜,驩兜
高橋広樹,高橋廣樹
萧逊宁,萧恒德
前辈,前輩
先辈,前輩
郭沬若,郭沫若
淀姬,淀殿
拓跋禧,元禧
刘展,劉展之亂
簡定,簡定帝
蓮師,蓮花生
藤原頼通,藤原賴通
李博义,李博乂
松殿基房,藤原基房
毛利秀頼,毛利秀賴
刘复基,劉復基
劉堯澂,劉復基
五榖先帝,神农
藤原頼宗,藤原賴宗
楊洪勝,楊宏勝
杨宏胜,楊宏勝
張敺,張歐
張叔,張歐
譚復生,谭嗣同
阮秉谦,阮秉謙
藤原師実,藤原師實
台中張家,臺中張家
藤原実頼,藤原實賴
藤原頼忠,藤原賴忠
藤原赖忠,藤原賴忠
藤原实赖,藤原實賴
司徒衞華,司徒華
华叔,司徒華
司徒卫华,司徒華
華叔,司徒華
司徒衛華,司徒華
来隆,迷唐
少典氏,少典
蒼井そら,蒼井空
賀太平,贺惟一
鄭欽,鄭克𡒉
伯牛,冉耕
颜路,顏無繇
颜由,顏無繇
段纪明,段熲
溥聰,金溥聰
菩提老祖,菩提祖师
黃鏡峰,黄镜峰
萧叔萱,萧叔宣
萧其煊,萧叔宣
金珍奎,金珍圭
羽田あい,羽田愛
耶律敖卢斡,耶律敖盧斡
尸魔,白骨精
陈乞,田僖子
子羔,高柴
公伯寮,公伯缭
司马牛,司马耕
谭廷襄,譚廷襄
南宫括,南宮适
川島和津実,川島和津實
金沢文子,金澤文子
彭孟辑,彭孟緝
威惠聖王,陳元光
蕭昭發,蕭大陸
泰民,李泰民
義帝,楚義帝
魏王豹,魏豹
戸賀崎智信,戶賀崎智信
大桥,大喬
雅稗理,雅裨理
日向内記,日向內記
梅子明,梅威良
コミネリサ,小峰理紗
蒼樹うめ,蒼樹梅
桜ここみ,櫻心美
賀桂圓,贺子珍
水田わさび,水田山葵
高崗,高岗
杨仆,楊僕
大塚龜太郎,大冢龟太郎
大塚因碩,大冢龟太郎
咸宣,減宣
孤魂祭祀,孤魂信仰
有應公,孤魂信仰
日本武尊命,日本武尊
伯郤宛,郤宛
费无极,費無忌
五虎大將,五虎将
謝春木,謝南光
谢南光,謝南光
太閤秀吉,丰臣秀吉
楠瀬幸彦,楠瀨幸彥
贲皇,苗賁皇
孔珪之,孔稚珪
彭玉麐,彭玉麟
石黒英雄,石黑英雄
仆散安贞,僕散安貞
急子,太子伋
洪月嬌,蘇洪月嬌
澤演,玉澤演
古德隆恩,古德倫
古德伦,古德倫
克瑞姆希尔,古德倫
克琳希德,古德倫
谷德倫,古德倫
古鲁特娜,古德倫
古魯特娜,古德倫
克瑞姆希爾,古德倫
谷德伦,古德倫
栾黡,欒黶
栾桓子,欒黶
欒桓子,欒黶
栾盈,欒盈
栾怀子,欒盈
欒懷子,欒盈
郭定文,郭宇倫
塔凯希,塔乞失
榎本温子,榎本溫子
沢城美雪,澤城美雪
张言,張全義
聖司提反,聖斯德望
聖士提反,聖斯德望
宋鐘基,宋仲基
马玉昆,馬玉崑
張德成,张德成
姜桂题,姜桂題
人設,人物設計
三平祖師,三平義中
三坪祖師,三平義中
楊義中,三平義中
朝鮮永宣君,李埈镕
李埈鎔,李埈镕
永宣君,李埈镕
李弘達,李仁達
惡人谷,十大惡人
義中,三平義中
阿江,崇源院
侯管胜,侯裕田
侯管勝,侯裕田
老普里尼,老普林尼
周志新,周新
伯多禄,西門彼得
義中禪師,三平義中
三坪義中,三平義中
林绍璋,林紹璋
阮整,阮有整
太白狂奴,朴殷植
白岩,朴殷植
无耻生,朴殷植
谦谷,朴殷植
박은식,朴殷植
謙谷,朴殷植
無恥生,朴殷植
将军简子,简子瑕
睾夷父,祁父
鄭宇成,鄭雨盛
岛清兴,島左近
渡邊捷昭,渡边捷昭
令狐文子,魏颉
魏頡,魏颉
呂桓宣子,吕相
吕宣子,吕相
季孙强,季昭子
季孫虎,季昭子
白鴻亮,富田直亮
加贺谷穣,加贺谷穰
山内积良,山內積良
包郎阿,包朗阿
金田積良,山內積良
孔穀,得閭叔榖
士穀,成伯缺
陈渴真,陳渴真
桑田佳佑,桑田佳祐
陳無宇,田桓子
渡辺明乃,渡邊明乃
蘇我稲目,蘇我稻目
山内博,山内溥
瑟雍,任瑟雍
妙濟真君,许逊
文屋綿麻呂,文室綿麻呂
金范,金汎
鄭愛璃,鄭愛利
扣冰古佛,扣冰藻光
扣冰祖師,扣冰藻光
武夷扣冰,扣冰藻光
相如,公孙相如
公孫相如,公孙相如
寬,公子宽
公子寬,公子宽
孔英悊,孔英哲
孔嗣悊,孔嗣哲
比利潘,潘建志
唐家豪,唐豐
吳猛,吴猛
墨乔里安,马约里安
平郡王,岳託
牧野アンナ,牧野安娜
黃佐炎,黃繼炎
張昇雲,張茂昭
元惠宗,元順帝
水沢史絵,水澤史繪
尹勝雅,尹承雅
姜伯约,姜维
申端愍,申佳胤
申佳允,申佳胤
申佳蔭,申佳胤
申佳印,申佳胤
申節愍,申佳胤
觀渡廬,伍廷芳
李茂贞,李茂貞
开漳圣王,陳元光
堀田満,堀田满
車游嵐,車由蘭
丘秉淵,丘逢甲
小森まなみ,小森真奈美
黃登寶,黃廷寶
黃素履,黃廷寶
穆罕默得,穆罕默德
段芝泉,段祺瑞
末次平蔵,末次平藏
波多野结衣,波多野結衣
大野緑一郎,大野綠一郎
黒柳徹子,黑柳徹子
豐姫,豐姬
張子妍,张紫妍
幹鞋哥,王偉忠
尾田榮一郎,尾田荣一郎
一條愛美,一条愛美
瀬奈涼,瀨奈涼
成瀬心美,成瀨心美
大沢美加,大澤美加
原田明絵,原田明繪
竹内あい,竹內愛
篠めぐみ,篠惠美
範田紗々,範田紗紗
堵允錫,堵胤锡
愛原つばさ,愛原翼
早見るり,早見琉璃
三浦亜沙妃,三浦亞沙妃
糸矢めい,糸矢舞衣
倉木みお,倉木美緒
優木あおい,優木葵
柳田やよい,柳田彌生
浅乃ハルミ,浅乃晴美
井川ゆい,井川由衣
進藤みく,進藤美久
福山さやか,福山沙耶香
美祢藤コウ,芦名未帆
希美まゆ,希美真由
周防ゆきこ,周防雪子
管野しずか,管野靜香
まりか,茉莉香
辻本りょう,辻本亮
愛音まひろ,愛音真尋
藤崎りお,水谷心音
井上聞多,井上馨
张松妮,陈翟苏妮
あずまゆき,東由希
藤本リーナ,藤本莉娜
淺金羽三郎,淺羽金三郎
張文成,張鷟
相戸愛,相戶愛
菅野亜梨沙,菅野亞梨沙
早川瀬里奈,早川瀨里奈
上原カエラ,上原卡艾拉
大槻愛,大塚爱
智英,姜知英
東由紀,東由希
藏王大志,津田美樹代
一對一家教,家庭教師
一对一家教,家庭教師
刘尧澄,劉復基
程定國,程正瀛
李鍾岳,李鍾嶽
宮崎あおい,宮崎葵
宮﨑あおい,宮崎葵
雜賀重秀,雜賀孫市
劉繼樞,劉放吾
蘇子瞻,苏轼
蘇和仲,苏轼
東坡居士,苏轼
孔榖,得閭叔榖
孔得閭叔,得閭叔榖
毛虎生,毛穆之
毛憲祖,毛穆之
山内丰信,山內容堂
京極しん,京極伸
张一白,張一白
世戸沙織,世戶沙織
明智珠,明智玉
薛以恭,屋良里之子
因祐,屋良里之子
屋嘉部因祐,屋良里之子
薛氏利忠,屋良里之子
鄧太后,和熹皇后
日暮戈薇,日暮籬
鲍宣,鮑宣
青野真衣,倉木麻衣
吴废帝,孫亮
會稽王,孫亮
候官侯,孫亮
隆福太后,伯藍也怯赤
大塚公,孤魂信仰
大眾媽,孤魂信仰
大眾爺,孤魂信仰
耶律喜孙,耶律喜孫
浜崎步,濱崎步
韩虮虱,虮虱
平错汪阶,平措汪杰
水嶋宏,水嶋斐呂
平天大聖,牛魔王
韩德昌,韩德让
李适之,李適之
艾末末,艾未未
葉永誌,葉永鋕
端親王,载漪
雷正兴,雷锋
小寺孝高,黑田孝高
石田三也,石田三成
河野マリナ,河野萬里奈
大久保薫,大久保薰
耶律頽昱,耶律頹昱
林蒼祐,林蒼佑
毛利慶親,毛利敬親
劉則之,劉詠堯
奉陽君,李兑
奉阳君,李兑
李兌,李兑
韓曾,韓增
韓隤當,韩颓当
李佩怡,李沛綾
尾崎娜娜,尾崎彰子
王子朝之乱,王子朝
杨岳斌,楊載福
馮壽山,馮占海
洪化帝,吳世璠
朱相旭,朱相昱
朱尚旭,朱相昱
恒山公,武仙
慕道者,慕道友
安瓦尔,安華
安瓦爾,安華
林朝璣,林烈堂
玉川紗己子,玉川砂記子
俞启威,黄敬
瀬川瑛子,瀨川瑛子
有沢まみず,有澤真水
蔡奶夫人,蔡紅亨
蔡奶仙娘,蔡紅亨
中行献子,荀偃
孫行者,孙悟空
齊天大聖,孙悟空
狄維莊遜,巨石強森
岑心叔,岑德广
上橋菜穂子,上橋菜穗子
坂本竜马,坂本龙马
安田鈴人,安田典生
王马共天下,王導
葛賢,葛贤
葛成,葛贤
赵绰,趙綽
佐藤翔冶,佐藤翔治
平原早矢香,平野早矢香
劉老老,刘姥姥
李协和,李烈钧
熊天翼,熊式輝
史麥戈,咕嚕
山内鈴蘭,山內鈴蘭
石橋朋子,高橋智秋
薳罷,子荡
薳啟彊,薳启彊
䓕启强,薳启彊
薳啟強,薳启彊
䓕罢,子荡
蒍啟彊,薳启彊
蒍罷,子荡
孔文子,孔圉
王闢之,王辟之
宋中基,宋仲基
孫良夫,孙良夫
孫桓子,孙良夫
孙桓子,孙良夫
孙文子,孙林父
孫林父,孙林父
孫文子,孙林父
尉遲恭,尉迟恭
士弱,士庄伯
大黒摩季,大黑摩季
士莊子,士庄伯
戸田恵梨香,戶田惠梨香
息夫人,息妫
趙緤,公子緤
平陽君,赵豹
楚王子陽,王子扬
然丹,子革
鄭然丹,子革
鄭丹,子革
足利高氏,足利尊氏
足利高國,足利直義
足利忠義,足利直義
武田鉄矢,武田鐵矢
韩擒豹,韩擒虎
纳斯鲁丁,纳斯尔丁
藤森恵子,藤森惠子
西行法師,西行
佐藤愛之助,薩道義
绫波丽,綾波零
段信苴世,段世
段信苴義,段义
段信苴义,段义
段義,段义
隱元隆琦,隱元
隠元,隱元
隠元隆琦,隱元
隐元禅师,隱元
朱縞,宋素卿
宋蘇卿,宋素卿
斉藤由貴,齊藤由貴
伯游,荀偃
长谷川明子,長谷川明子
熊勿軒,熊禾
恆瑞,宗室恆瑞
独孤颎,高熲
亞樹直,樹林伸
晋重,晋文公
圣亚纳,聖安妮
藤森慶子,藤森惠子
铃木紫帆里,鈴木紫帆里
崔成桓,崔成焕
山本杏美,淺倉杏美
川上とも子,川上倫子
川上友子,川上倫子
白波遙,田口宏子
白波遥,田口宏子
王叔陳生,王叔陈生
新條まゆ,新条真由
原恵一,原惠一
青木琳,青木鈴
玛罕穆特,玛罕木特
伯里克里斯,伯里克利
惡女凱莎,凱莎
唐昭宣帝,唐哀帝
違命侯,李煜
江南國主,李煜
朴率美,朴帥眉
魁斗,鍾馗
蕭希榆,蕭瀟
金成阳三郎,金成陽三郎
赤尾でこ,三重野瞳
三冢博,三塚博
张弘范,張弘範
邵振青,邵飘萍
公祖,橋玄
桥玄,橋玄
富田耕吉,富田耕生
吕小白,齐桓公
熊文烂,熊文燦
巴曼子,巴蔓子
笹沼晃,笹沼堯羅
士缺,成伯缺
英蒂利,英蒂迪
崔.丹尼爾,崔丹尼尔
波博,波尔布特
藤崎里緒,水谷心音
ももかりん,桃夏凜
山田菜々,山田菜菜
稲森しほり,芦名未帆
辰巳由衣,辰巳唯
範廣,范廣
麻美ゆま,麻美由真
黒木麻衣,黑木麻衣
穂花,穗花
中天八國,張遇賢
優希まこと,優希麻琴
乃々果花,乃乃果花
七色あん,乃乃果花
徐敬業,李敬業
北川智惠子,北川智繪
韩泼五,韩世忠
肉彈三勇士,爆弹三勇士
ほしのみゆ,星野美優
趙莊姬,赵庄姬
狐鞫居,續鞫居
續簡伯,續鞫居
续鞫居,續鞫居
续简伯,續鞫居
阎志扬,阎肃
达布拉吉,岡波巴
达布拉杰,岡波巴
达波拉杰,岡波巴
庄姬,赵庄姬
相川七瀬,相川七瀨
岗布巴,岡波巴
耶律胡呂,耶律胡吕
秀甫,本因坊秀甫
昆吾氏,昆吾
林佑藻,林右藻
三共論,鄭孝胥
無為老祖,羅清
陈桓,陳桓
论赞婆,赞婆
金福,潘氏金福
鄭景百,鄭利記
乌臻泰,乌古廷
昆吾国,昆吾
好打得,林鄭月娥
米拉日巴,密勒日巴
达波拉结,岡波巴
龐煖,庞煖
淖齒,淖齿
月野りさ,月野理紗
立花さや,立花紗耶
薰櫻子,愛奏
原田志乃,椋名凛
大舜,舜
屋嘉部利忠,屋良里之子
仲地紀仁,松景慎
松氏紀仁,松景慎
松紀仁,松景慎
松景愼,松景慎
當麻蹶速,當麻蹴速
建御名方,建御名方神
阿部渉,阿部涉
竹内由恵,竹內由惠
萧阿古只,蕭阿古只
阿龐,龐庸之
白眉神,盜跖
寒奡,寒澆
奡,寒澆
玅境長老,釋玅境
織田五德,德姬
贻谷,貽穀
內輪佐助,宇智波佐助
佐伯奈々,佐伯奈奈
恵けい,惠佳
水元ゆうな,水元優奈
楊璉真伽,楊璉真珈
大空かのん,大空花音
黒木いちか,黑木一香
顏山農,顏鈞
宋時選,宋时选
圓館金,円舘金
圆馆金,円舘金
円馆金,円舘金
郭沐若,郭沫若
役行者,役小角
糸矢芽衣,糸矢舞衣
藤原长作,藤原長作
瑠川リナ,瑠川里菜
阮必成,胡志明
橘美穂,橘美穗
浇,寒澆
吕秀菱,呂琇菱
時東あい,本多成實
楓まお,本多成實
馮希范,馮錫範
白磊,白岳峰
勒尔锦,勒爾錦
锡保,錫保
遠山金四郎,遠山景元
曽端準,曾端准
明裕宗,朱器墭
太皓,太昊
少皓,少昊
赵宜主,赵飞燕
陈承瑢,陳承瑢
吳始祖,孙坚
南吳烈宗,楊渥
南唐義祖,徐溫
触詟,触龙
屈盖,屈匄
屈丐,屈匄
监禄,史禄
讷尔福,訥爾福
讷尔图,訥爾圖
讷尔苏,訥爾蘇
陳蟜,陈蟜
庆明,慶明
庆恒,慶恆
あいりみく,愛里未來
俾路斯,卑路斯
杉基郁良,杉基鮭魚子
大山積神,大山津見
大山祇命,大山津見
酒解神,大山津見
大山祇神,大山津見
酒解大神,大山津見
亞他利雅,亞她利雅
羅思孚,羅清
老马礼逊,马礼逊
潘廷璋,潘廷章
葦原天皇,葦原金次郎
天官,尧
地官,舜
水官,禹
小倉奈々,小倉奈奈
大業,大业
恆昌,恒昌
女修,女脩
葵ぶるま,葵舞琉真
大费,伯益
葵ちひろ,葵千尋
熊澤天皇,熊澤寬道
真理香,茉莉香
尔撒圣人,爾撒
穆萨圣人,摩西
若葉久留美,若葉胡桃
壹與,臺與
若葉くるみ,若葉胡桃
都靈的剋星,摩瑞亞炎魔
辻本涼,辻本亮
岑建勲,岑建勳
教宗若安,女教宗瓊安
精济,精濟
長濱天皇,長濱豐彥
張昌宗,张昌宗
靈威仰,青帝
姬朝,王子朝
贾德干,賈德幹
木曾義仲,源義仲
古尔贝,孤拔
德格北,德克碑
竹野内豊,竹野內豐
武市瑞山,武市半平太
郭富,臥烏古
郭施拉,郭士立
郭甲利,郭士立
贺布,何伯
赫波,何伯
叔旦,周公旦
魯周公,周公旦
周旦,周公旦
褒德王,周公旦
文憲王,周公旦
湖夫人,湖中妖女
九公,河北九公
碩托,碩託
聖祖仁皇帝,康熙帝
朝比奈ハル,朝比奈春
李让礼,李仙得
班布尔善,班布爾善
阎艳,阎行
宋文通,李茂貞
浜田雅功,濱田雅功
打田しづか,打田志津
末纲聪子,末綱聰子
許蘭州,許蘭洲
佐藤義生,北島義生
陳公台,陈宫
魯子敬,鲁肃
苏烈,苏定方
單仲楷,單仲偕
明太祖,朱元璋
蠻利,鄭回
蛮利,鄭回
郑回,鄭回
昇延,韓昇延
くるみひな,杏樹紗奈
折井あゆみ,折井步
堀川りょう,堀川亮
韩曁,韓暨
司馬炎篡魏,司馬炎
岡野進,野坂參三
董子,董仲舒
車車,張紫櫻
原幹恵,原幹惠
ほしのあき,星野亞希
迷男,謎男
知英,姜知英
物部荒甲,物部麁鹿火
彥五瀨命,五瀨命
彥五瀨,五瀨命
刘咏尧,劉詠堯
朝倉亞紀,朝倉禮生
刑端,邢端
伊達順之助,張宗援
卡斯塔米尔,卡斯塔馬
江翊云,江庸
黒石ひとみ,黑石瞳
蔡乾,蔡孝乾
蔡干,蔡孝乾
尚旭東,小日向白朗
庚申帝,元順帝
梅泽由香里,吉原由香里
多尔博,多爾博
王縉,王缙
山內房治郎,山内房治郎
裕丰,裕豐
裕兴,裕興
澆,寒澆
池田純,池田純矢
阿咪老師,劉敏宏
高嶋ひろみ,高嶋博美
もりたけし,森健
庖羲氏,太昊
宓戏氏,伏羲
宓羲氏,太昊
天忍穗耳尊,天忍穗耳命
纳西鲁丁,纳斯尔丁
楊應龍,杨应龙
阮玉灣,阮玉鸞
山田みほ,山田美穗
沢口靖子,澤口靖子
野上尤加奈,尤加奈
伊耆放勳,尧
皇甫惠靜,皇甫惠貞
保科賴母,西鄉賴母
道宗,辽道宗
瀬尾えみり,濑尾惠美里
中田千里,中田千智
中田ちさと,中田千智
盧郁文,卢郁文
上官昭容,上官婉儿
王立明,刘王立明
水沢真樹,水澤真樹
キマグレン,自由音樂
富永みーな,富永美衣奈
康默记,康默記
铃木惠子,鈴木惠子
朝樹りさ,朝樹里沙
孙中山,孫中山
佛龍威,沃朗威
富㭴义博,冨樫義博
冨㭴義博,冨樫義博
帚好,妇好
子氏,子姓
水手天王星,天王遙
高文敏,高履行
简逷,簡狄
简易,簡狄
娀简,簡狄
毓岩,毓嵒
陈陶怡,陈陶遗
林氏好,林是好
笠原あきら,笠原晶
西郷隆盛,西鄉隆盛
瑪喀比,馬加比家族
淺井阿江,崇源院
菼執,勾践
司羿,后羿
夷羿,后羿
穷羿,后羿
有穷羿,后羿
穹羿,后羿
菊隱,菊隱宗意
曹仲珊,曹錕
石曼卿,石延年
泾阳君,公子悝
秦穆夫人,穆姬
夏颂莱,夏清贻
洪承点,洪承點
司寇蘭,司寇惠子
司寇惠叔,司寇惠子
河原裕昌,河原佐武
河原さぶ,河原佐武
潘谷神,潘祖诒
潘谷公,潘祖诒
潘竹孙,潘祖诒
菅沼榮治,菅沼荣治
菅沼栄治,菅沼荣治
博英達賚,補英達賴
補英達賚,補英達賴
德色賚托布,德色赖托布
德色赉都布,德色赖托布
管夫子,管仲
管鲍之争,管仲
瑙西凯厄,瑙西卡
曹夫子,曹劌
管仲变法,管仲
苗皓钧,苗海忠
辛稼軒,辛棄疾
桓范,桓範
公孙绾,蜀侯綰
公子恽,蜀侯煇
邹子终始,邹衍
邹子,邹衍
韓蒙德,夏文達
韩蒙德,夏文達
夏文达,夏文達
汉高后,吕雉
我孫子智美,我孙子智美
退役,退伍軍人
王信臣,王潮
阮攀龙,阮攀龍
王晴,刘平平
臼井義人,臼井儀人
帕拉圖,帕勒塔
宁恩承,甯恩承
西伯侯,周文王
金井章二,金井章次
達里扎雅,达理扎雅
张骜,张敖
監止,阚止
效师,郊师
安野夢夜子,安野夢洋子
安野百葉子,安野夢洋子
王女自鳴鼓,自鳴鼓
宮部美雪,宫部美幸
宮部みゆき,宫部美幸
楊贊儒,釋聖輪
聖輪法師,釋聖輪
渡辺はま子,渡边浜子
丘沧海,丘逢甲
干将莫邪,干將莫邪
水原琳,真山亞子
达识铁木儿,達識帖睦邇
關炯之,關炯
金拱北,金紹城
刘简,劉蘭成
潘矩楹,潘榘楹
役所広司,役所廣司
懸魚拒賄,羊續
乌尼伯英,吳鶴齡
烏尼伯英,吳鶴齡
吴鹤龄,吳鶴齡
张儁乂,張郃
山口理子,中西里菜
鲁阳文君,公孙宽
姜志焕,姜至奐
周翔宇,周恩来
司馬安世,司馬炎
傅宗耀,傅筱庵
刘赓云,劉道仁
劉賡雲,劉道仁
宋渔父,宋教仁
伍秩庸,伍廷芳
温钦甫,溫宗堯
夏剑丞,夏敬观
张季直,张謇
岑云阶,岑春煊
詹澈,詹朝立
全孝盛,全烋星
孝琳,金孝靜
白身魚,堀口悠紀子
晋美岭巴,吉美林巴
范鸿仙,范光启
陈尧初,陈景南
陳堯初,陈景南
丁仑樵,丁廷骞
威武尊王,王潮
廣武尊王,王潮
靏弘美,鶴弘美
朴宰正,朴載正
朴載政,朴載正
林子超,林森
章士戛,章勤士
王竹怀,釋大嚴
王竹懷,釋大嚴
鄧憲甫,鄧青陽
丢卡利翁,杜卡利翁
立里花子,立花里子
茅固,三茅真君
茅盈,三茅真君
茅衷,三茅真君
五行薺菜,五行薺
五行なずな,五行薺
青葉蘋果,青葉林檎
吕牙,太公望
咱雅班智达,咱雅班第達
南喀嘉措,咱雅班第達
游城十代,遊城十代
汤东结布,汤东杰布
唐东嘉波,汤东杰布
唐东结布,汤东杰布
唐东杰布,汤东杰布
寂护大师,寂護
李債潾,李彩琳
孔敏智,孔敏知
朴春麗,朴春
朴山多拉,朴珊德拉
田中顺也,田中順也
酒井宏树,酒井宏樹
工藤壯人,工藤壮人
建庶人,朱文圭
永井谦佑,永井謙佑
绛侯,周勃
北島秀朗,北嶋秀朗
北岛秀朗,北嶋秀朗
北屿秀朗,北嶋秀朗
鶴岡聡,鶴岡聰
有嬌氏,附寶
桓車騎,桓沖
吴筠孙,吳筠孫
仁钦桑波,仁欽桑布
阚朝玺,阚潮洗
琼波南交巴,琼波南交
琼波奈觉,琼波南交
种敦巴,仲敦巴
锄麑,鉏麑
鉏之彌,鉏麑
玛久拉珍,玛吉拉尊
玛久拉仲,玛吉拉尊
玛基劳准,玛吉拉尊
劳准玛,玛吉拉尊
麻吉拉准,玛吉拉尊
玛吉拉珍,玛吉拉尊
鄭寶石,鄭普碩
郑普硕,鄭普碩
矢沢あい,矢澤愛
董伯伯,董建華
桃山ひなせ,桃山日生
洪一茜,洪一天
昭妍,朴昭妍
濯浦巴,卓浦巴
満島ひかり,滿島光
李卓吾墓,李贽
熊雪妮,雪妮
山口升,山口昇
虞朝,舜
长春子,丘处机
寺脅康文,寺脇康文
韓桂蘭,恭慎夫人
鄭宇盛,鄭雨盛
高宣子,高固
鮑莊子,鮑牽
陳穉,田孟夷
高武子,高偃
婑斌,金婑斌
谋图一雄,楳圖一雄
沒卡稱,密卡登
產業工會,工会
高田あゆみ,高田步美
島勝猛,島左近
占西女王,詹西女王
川村由纪,川村雪绘
筱崎爱,篠崎愛
吉岡たかを,吉岡孝夫
罗伟章,羅世勛
黑木明纱,黑木美沙
湖中仙子,湖中妖女
吉爾嘎朗,德古来
卓特巴扎布,卓特巴扎普
金耀洲,额尔登
孟星三,志达图
卓特巴札普,卓特巴扎普
熊慧英,王熊慧英
特克希卜彥,王宗洛
於永滋,于树德
田中直纪,田中直紀
蒲怀归,苻怀归
宝亲王,乾隆帝
小山丰太郎,小山豐太郎
柿本人麿,柿本人麻呂
小山豊太郎,小山豐太郎
酒井高徳,酒井高德
雄诺敦都布,雄努敦都布
呂卡翁,莱卡翁
上坂すみれ,上坂堇
貝特漢,伯德令
田中みな実,田中美奈實
宇賀なつみ,宇賀夏美
松本あゆ美,松本亞由美
阿咪,劉敏宏
橫居光雄,玄田哲章
道原克巳,道原克己
小林眞紀,小林真紀
前田榮世,前田光世
董公真仙,董伯華
董公祖師,董伯華
開閩尊王,王審知
忠惠尊王,王審知
崔希涉,崔熙燮
孔伯尼,孟皮
太子爺,哪吒
金元鸿,金元弘
朴载庆,朴在京
陳靖姑,臨水夫人
赤﨑千夏,赤崎千夏
朱丹华,朱旦华
邓总工程师,邓小平
邓总师,邓小平
小粥洋子,日比野朱里
沈幼丹,沈葆楨
蔡成勋,蔡成勳
吹越満,吹越滿
崔元靖,崔府君
吳鳳傳說,吳鳳
武德尊侯,沈彪
村上丽奈,村上麗奈
廣惠尊王,谢安
锡尼喇嘛,席尼喇嘛
蒲壽宬,蒲壽晟
李钟山,李中山
山崎たくみ,山崎巧
何鴻鑾夫人,何楊展翹
楊展翹,何楊展翹
有邰氏,姜嫄
姜原,姜嫄
周弃,弃
掌教,山長
洗冤录Ⅱ,洗冤錄II
何猷君,何鴻燊
林书豪,林書豪
劉龍公,如如哥
劉良興,如如哥
阿黛尔,愛黛兒
宇崎竜童,宇崎龍童
吴世荣,吳世榮
老兵,退伍軍人
炮灰,砲灰
王旲,王吴
周培艺,周素园
江蝦,江孔殷
江太史,江孔殷
心海羅盤,葉教授
刘开浚,潘复生
陳桓子,田桓子
城城,郭富城
黄廑午,黄兴
关羽云长,关羽
项德隆,项英
桓祎,桓禕
陈幼苏,陈廷策
純陽帝君,吕洞宾
陳博生,陳溥賢
吳又可,吳有性
桂荫,桂廕
名冢佳织,名塚佳織
村下孝蔵,村下孝藏
鎮宅真君,鍾馗
驅魔真君,鍾馗
尒朱世隆,爾朱世隆
俘,战俘
郭震,郭元振
金申旭,金信煜
夏午诒,夏壽田
夏午彝,夏壽田
呼廚泉單于,呼廚泉
張憲義事件,張憲義
顾鳌,顧鼇
夏侯操,曹操
蔣介卿,蒋介卿
葉潛,葉詩夢
佛尼音布,葉詩夢
洛嬪,洛神
棍布扎布,棍布札布
李生萱,艾思奇
聂丕承,聂开基
叶鸿绩,葉鴻績
何琍琍,何莉莉
林棟,林栋
周厚鈞,周厚钧
亞父,范增
趙何琍琍,何莉莉
逄纪,逢纪
景岩征,景志傅
木户贯治,木戶孝允
黄昆岩,黃崑巖
余伟国,余偉國
袁寒云,袁克文
滕华弢,滕华涛
李公乐,李公樂
林依倫,林依轮
後騰新平,後藤新平
麦当杰,麥當傑
吳府千歲,吳孝寬
徐桴,徐圣禅
惟毅,林惟毅
内田直哉,內田直哉
孟达,孟達
红孩儿,紅孩兒
刘繇,劉繇
刘岱,劉岱
姜鸿波,姜宏波
何宇恆,何宇恒
洪俊奇,洪茶丘
鄂君子晳,鄂君启
加瀬亮,加瀨亮
渡瀬晶,渡瀨晶
桜田さくら,櫻田櫻
神谷姫,神谷姬
周恩来总理,周恩来
이구지,李仇之
原由実,原由實
奄息,子车氏
仲行,子车氏
鍼虎,子车氏
子車仲行,子车氏
子車奄息,子车氏
子車鍼虎,子车氏
幾瑟,虮虱
大场荣,大場榮
大塚寧々,大塚寧寧
穰苴,司马穰苴
生田竜聖,生田龍聖
王文庆,王文慶
文耆,楊策
泷泽马琴,曲亭馬琴
蒋委员长,蔣中正
烏瑟王,尤瑟王
李秀滿,李秀满
巴伊拉姆汗,白拉姆汗
織田かおり,織田香織
枡田絵理奈,枡田繪理奈
鉴真东渡,鑒真
宮瀬茉祐子,宮瀨茉祐子
刘师培,劉師培
唆魯和帖尼,唆鲁禾帖尼
聖瑪弟亞,馬提亞
搠只,朮赤
亞特蘭塔,阿塔蘭塔
丽达,勒达
山崎夕貴,山﨑夕貴
冈政伟,岡政偉
穆撒,摩西
猿田彥命,猿田彥
阿塔兰忒,阿塔蘭塔
阿塔兰塔,阿塔蘭塔
亞特蘭黛,阿塔蘭塔
李增蔚,李增芳
杏さゆり,杏小百合
黑羽盗一,怪盗基德
寿富,宗室壽富
沈荣骏,沈荣焌
夸父氏,夸父
希崎謝茜嘉,希崎潔西嘉
令狐浚,令狐愚
元穆宗,朮赤
元聖宗,察合台
仇衡王,金仇衡
猛峨,猛瓘
朱浩偉,朱浩伟
王信都,王審邽
公子緩,魏緩
梅祖芬,梅思平
劉夢得,刘禹锡
劉賓客,刘禹锡
秘書劉尚書,刘禹锡
許蘭雪軒,許楚姬
嵨村侑,嶋村侑
二宮金次郎,二宮尊德
矢島麻衣子,麻倉憂
設楽統,設樂統
兄弟森林會,森林兄弟
六试婚使,文成公主
六难婚使,文成公主
五试婚使,文成公主
岩井由希子,岩居由希子
庶長壯,公子壮
卿子冠军,宋義
撒禮塔,撒里台
卿子冠軍,宋義
胡公大帝,胡则
ザキヤマ,山崎弘也
小杉竜一,小杉龍一
海野,陳家春
桓公,齐桓公
方山子,陳慥
石田佐吉,石田三成
渡辺直美,渡邊直美
虎都铁木禄,虎都鐵木祿
日圓先生,榊原英資
徳永暁人,德永曉人
曺薰鉉,曹薰铉
惠岸,木吒
精卫鸟,精卫
阙汉骞,闕漢騫
刘成勋,劉成勳
蔡歐趴,蔡宇傑
陆懋勋,陸懋勳
黒瀬真奈美,黑瀨真奈美
艾庆镛,艾慶鏞
刘朝望,劉朝望
杨增炳,楊增炳
虞和德,虞洽卿
雲峴君,兴宣大院君
渋谷飛鳥,澀谷飛鳥
禮服蒙面俠,地場衛
馬少雲,馬鴻逵
鮑忠,鮑韜
王大桢,王大楨
陈季侃,陈誾
孙俨,孫翊
薛超吾,九皋
宁越,甯越
常仪,常宜
樂山王,樂山通遠王
通遠王,樂山通遠王
具台晟,具臺晟
刻突辣,基土拉
香娘,基土拉
時雨沢恵一,時雨澤惠一
儀武ゆう子,儀武祐子
夏季平,夏同龢
獅山山人,夏同龢
何子峨,何如璋
范彥長,范晷
王沂孫,王沂孙
吳大琨,吴大琨
地佐星,呂方
白雅雨,白毓昆
褚叔度,褚裕之
劇団ひとり,劇團一人
寛仁親王,寬仁親王
炮姐,御坂美琴
朴明秀,朴明洙
羅志希,羅家倫
漩渦鳴門,漩渦鳴人
畑鹿驚,旗木卡卡西
漩涡鸣人,漩渦鳴人
盧生,卢敖
雪莉,灰原哀
闖賊,李自成
怯失迷思,乞失马因
赤城英雄,赤木英雄
開台聖王,鄭成功
倖田未來,倖田來未
帝禹,禹
颛帝,颛顼
孙贲,孫賁
孙辅,孫輔
太子元帥,哪吒
朗咸平,郎咸平
吹石一恵,吹石一惠
高畑勋,高畑勳
郭实猎,郭士立
都古尔苏荣,都固尔苏隆
李绍庚,李紹庚
吕宜文,呂宜文
夏秀峰,夏明钢
澤穗希,泽穗希
秦日昌,秦日纲
張安俊河,張俊河
星空めてお,星空流星
興教門之變,郭从谦
郭乾,廣澤尊王
平措旺阶,平措汪杰
윤치호,尹致昊
云中嘎瓦,永仲嘎瓦
生濑胜久,生瀨勝久
塞涅卡,塞內卡
梁式堂,梁建章
馬悙靖,馬敦靖
馬悙靜,馬敦靜
寶拉,尹寶拉
昭宥,姜智賢
多絮,金多絮
金孝晶,金孝靜
姜知賢,姜智賢
金多順,金多絮
多順,金多絮
白思华,白思華
达理札雅,达理扎雅
欧云哲,严润哲
商鈞,商均
義鈞,商均
冨田洋之,富田洋之
荻野公介,萩野公介
春奈るな,春奈露娜
蒂迈雅,蒂邁雅
和榮,柳和榮
劉和榮,柳和榮
宗室奕經,奕經
財帛星君,增福真君
李詭祖,增福真君
蔡以正,湖城以正
色旺端嚕布,色旺端鲁布
增福財神,增福真君
宗室博和託,博和託
赵悼倡后,趙悼倡后
氏家卜前,氏家直元
森川滋,紅優
湊屋夢吉,紅優
威色坚赞,威萨坚赞
塞勤,塞勒
鄂札,鄂扎
加藤リナ,加藤莉娜
本愿寺莲如,莲如
阴昌庚,陰昌庚
謝瑍,谢瑍
水戸光子,水戶光子
謝元,谢元
鐮田彌彥,鎌田彌彥
諸葛衡,诸葛衡
諸葛虪,诸葛虪
諸葛甝,诸葛甝
諸葛頤,诸葛颐
穆克德納,穆克德訥
謝澹,谢澹
夏蓮居,夏继泉
全琫准,全琫準
王龍舒,王日休
鐮田祐哉,鎌田祐哉
迫田さおり,迫田沙織
明增盛,花城長茂
長孫順,长孙顺
杨次山,楊次山
穆克德讷,穆克德訥
刘谌,劉諶
朱一贵,朱一貴
林太师公,比干
木戸衣吹,木戶衣吹
唐三姐,唐賽兒
章縝翔,章缜翔
永里優季,大儀見優季
基路比羅斯,可魯貝洛斯
陈连升,陳連陞
色楞閣,塞楞額
色楞額,塞楞額
章证翔,章缜翔
赤水女子献,女魃
女妭,女魃
刘歙,劉歙
義愛公,森川清治郎
刘瑞芬,劉瑞芬
安科塞斯,安喀塞斯
陈国琪,陳國琪
满洲圣人,达海
大海巴克什,达海
再生俠,再生侠
閃靈悍將,再生侠
金太耎,金泰耎
伊賀大晃,樹林伸
有森丈時,樹林伸
龍門諒,樹林伸
章增祥,章缜翔
橋公,橋玄
韩德源,韓德源
川瀬晶子,川瀨晶子
みけおう,三毛央
韩德凝,韓德凝
油女篠,油女志乃
桜井弘明,櫻井弘明
向傑,向杰
珠妍,李周妍
东风平朝卫,向杰
瀬戸麻沙美,瀨戶麻沙美
王用宾,王用賓
明坂聡美,明坂聰美
佐藤聡美,佐藤聰美
藍井エイル,藍井艾露
孫靜,孙静
三枝成章,三枝成彰
彈實,金明淳
金彈實,金明淳
望洋草,金明淳
金元周,金一葉
日向螺旋,日向宁次
謝雲奴,热尔维尼奥
穆恕再,穆湘瑶
陸榮籛,陆荣篯
豬肉榮,林世榮
刘嗣荣,劉玉書
青山穣,青山穰
清水准一,清水準一
沈谱琴,沈毓麟
李彥威,朱友恭
増山加弥乃,增山加彌乃
島田満,島田滿
施春成,施萬浤
朱音ゆい,朱音唯
中島みゆき,中島美雪
天草時貞,天草四郎
菊池こころ,菊池心
姜虎東,姜鎬童
宅見将典,宅見將典
反中共,反共義士
周象賢,周象贤
黄琬,黃琬
沢海陽子,澤海陽子
後壁林之役,林少貓
田所あずさ,田所梓
片岡あづさ,片岡梓
文翠珊閣下,文翠珊
李克脩,李克修
张宗可,康生
海堀あゆみ,海堀步
成瀬誠,成瀨誠
加隈亜衣,加隈亞衣
九條夙子,英照皇太后
韓謐,贾谧
蒋国秉,蒋国柄
蒋国炳,蒋国柄
韩约,韩遂
小野塚英二,青沼英二
孙乾,孫乾
浜崎亞由美,濱崎步
濱崎亞由美,濱崎步
步姐,濱崎步
武二郎,武松
高太尉,高俅
宋三郎,宋江
曽我部和恭,曾我部和恭
先總理,孫中山
和大人,和珅
童樞密,童貫
二皇帝,和珅
濱﨑步,濱崎步
橫山侯隆,橫山裕
夏井優,蒼井優
山村幸惠,柴咲幸
西學東漸記,容闳
清沼英二,青沼英二
吴嵎,吳嵎
郭華倫,郭潜
周日宣,周淡游
哈喇哈孙,哈剌哈孙
哈剌哈孫,哈剌哈孙
启昔里,启昔礼
乞失力,启昔礼
乞失里黑,启昔礼
阿阑豁阿,阿兰豁阿
阿兰果火,阿兰豁阿
阿抡郭斡,阿兰豁阿
阿蘭豁阿,阿兰豁阿
草蝦之父,廖一久
阿勒赤,按陳
者勒篾,者勒蔑
吴国兴,吳良
火里火真,火真
脱火赤,薛貴
买驴,吳成
乃牙,纳牙阿
納牙阿,纳牙阿
杨行愍,楊行密
蔣元秋,蔣麗芸
刘蕺山,劉宗周
宇佐美吉啓,宇佐美吉啟
木之歌詠,瑞智士記
木ノ歌詠,瑞智士記
伯八儿,伯八
脱伦,脱栾
脱仑,脱栾
脱忽阑,脱栾
忽亦勒答儿,畏答儿
愠里答儿,畏答儿
畏答而,畏答儿
山胁东洋,山脇東洋
边允,边章
习总书记,习近平
高松惠理,橘梨纱
杨彦鲁,李彦鲁
楊鉉錫,梁鉉錫
司马俊,司馬儁
中島朋子,中嶋朋子
高松恵理,橘梨纱
徐新愛,徐信愛
陳叔同,陈叔同
陈训愿,陈叔同
渡邊崋山,渡边华山
良寛,良宽
楚宣武帝,桓温
武論尊,岡村善行
史村翔,岡村善行
新田恵海,新田惠海
谷原夏樹,谷原菜月
遠山えま,遠山繪麻
遠山 えま,遠山繪麻
あべゆりこ,阿部百合子
艾傑克斯,大埃阿斯
鲜于向,鲜于仲通
國軍日,軍人節
住吉大神,住吉三神
鳩山安子,鸠山安子
李赞华,耶律倍
王昙首,王曇首
飯野賢治,饭野贤治
李绍虔,王晏球
麻倉優,麻倉憂
墀松德贊,赤松德贊
徐允恭,徐輝祖
納谷悟朗,纳谷悟朗
六国封相,苏秦
莽骨速,莽和克
退役軍人,退伍軍人
方谷珍,方国珍
羅阿頭,羅臭頭
古川聡,古川聰
郑升和,鄭昇和
耶律突欲,耶律倍
退伍,退伍軍人
夏复,夏完淳
飯塚布枝,武良布枝
恭順夫人,恭慎夫人
山田瑪麗亞,山田玛利亚
王徵莹,王惜寸
王澂瑩,王惜寸
朱守梅,朱孔阳
原干惠,原幹惠
卢玄,盧玄
暨艷,暨豔
盧勝彥法王,盧勝彥
盧勝彥尊者,盧勝彥
盧勝彥活佛,盧勝彥
蓮生法王,盧勝彥
蓮生聖尊,盧勝彥
俞作屏,俞镇臣
松本竜也,松本龍也
一岡竜司,一岡龍司
武成王庙,武庙
未來穗香,未来穗香
中田譲治,中田讓治
船橋利実,船橋利實
齊王芳,曹芳
李子達,李行
田五之亂,田五
蒍固,薳固
蒍洩,薳泄
鄭荷娜,鄭河娜
種﨑敦美,種崎敦美
當間重陳,平啓祥
望月真一,望月新一
灌顶大师,章安灌頂
郑淳,鄭澣
郑涵,鄭澣
今井夏美,羽月希
井上雅美,羽月希
田彦宾,李茂貞
里西默,李希梅尔
成詩京,成始璄
熊田聖亜,熊田圣亚
李继麟,朱友謙
習主席,习近平
張懷文,文汶
李繼儼,李从曮
李繼曮,李从曮
山田清志,冰川清志
陈士俊,陳士駿
照沼歡莉莎,晶愛麗
公子伋,太子伋
瑟西,喀耳刻
阿部瑪莉亞,阿部玛利亚
伍紫垣,伍崇曜
金正一,金正日
桃栗蜜柑,河下水希
系井重里,糸井重里
大野恵,大野惠
石沢綾子,石澤綾子
国井美佐,國井美佐
許步明,陳茂波
有馬良橘,有马良橘
薛赜,薛頤
唐宗,唐太宗
宋祖,赵匡胤
林みなほ,林美奈穗
馮麟閣,馮德麟
川澄奈穂美,川澄奈穗美
甘尼梅德,伽倪墨得斯
野島けんじ,野島研二
妘澆,寒澆
潘浚,潘濬
贵志佑介,貴志祐介
高田ありさ,高田亞璃紗
成載基,成在基
陳保元,陳寶轅
李紹宏,马绍宏
賽西,喀耳刻
杜晏球,王晏球
完林君,李載元
渋澤榮一,澀澤榮一
西條るり,西条琉璃
荀罌,荀罃
大野果歩,大野果步
성재기,成在基
廣山詞葉,長澤築實
広山詞葉,長澤築實
婆润,婆闰
関戸剛,關戶剛
林副主席,林彪
こぶいち,小舞一
むりりん,梦璃凛
柳瀬嵩,柳瀨嵩
先農,神农
先農王,神农
昌霸,昌豨
李劼,李元吉
金洪啓,金策
辛知勋,辛知勳
李缜,李𥙿
山東及時雨,宋江
鄆城呼保義,宋江
山東呼保義,宋江
鄆城及時雨,宋江
孝義黑三郎,宋江
張懷汶,文汶
小岩井琴里,小岩井小鳥
小岩井琴梨,小岩井小鳥
潑皮高二,高俅
高二哥,高俅
桐谷ユリア,桐谷尤莉亞
金首相,金日成
杉浦はる香,杉浦遙香
悠久持有者,赤松健
板野有美,板野友美
羅特,羅得
范履霜,范仲淹
宋三黑子,宋江
额儿布思,萧斡里剌
额儿布斯,萧斡里剌
薛滿,薛凌
謝又安,謝介石
謝幼安,謝介石
高孝瓘,高長恭
源公曉,公曉
藤原神威,藤原神居
藤原カムイ,藤原神居
崔振赫,崔真赫
崔鎮赫,崔真赫
黃峭山,黄峭
孛儿帖赤那,孛兒帖赤那
豁埃马阑勒,豁埃馬闌勒
李詩姸,李詩妍
李大鶴,李詩妍
金三胖,金正恩
全炫茂,全賢武
尉迟融,尉迟恭
铁血除奸团,王亚樵
西天佛祖,如来佛祖
珉豪,崔珉豪
赛音诺颜汗,那木囊苏伦
司马通,司馬通
唐御弟,唐三藏
御弟哥哥,唐三藏
